study_time_min,practice_completion_rate,avg_quiz_score,quiz_attempts,hint_usage_rate,attendance_rate,days_since_last_activity,stress_index,prereq_mastery,device_reliability,mastery
253.5,0.436,81.5,7,0.167,0.414,9.2,0.365,0.767,0.781,1
105.6,0.916,57.4,3,0.061,0.84,13.5,0.719,0.339,0.686,0
302.5,0.188,73.4,3,0.084,0.87,11.0,0.401,0.863,0.628,1
323.5,0.309,59.2,4,0.115,0.85,0.4,0.22,0.519,0.902,1
5.4,0.364,73.4,3,0.163,0.807,2.6,0.329,0.535,0.9,1
76.8,0.742,59.3,9,0.549,0.788,1.9,0.258,0.5,0.625,1
234.1,0.661,89.9,5,0.306,0.904,6.4,0.228,0.58,0.583,1
185.2,0.772,83.0,7,0.603,0.735,3.7,0.685,0.276,0.706,1
218.2,0.499,88.1,2,0.381,0.878,2.1,0.57,0.656,0.91,1
126.2,0.529,86.7,8,0.235,0.662,2.7,0.664,0.757,0.897,1
316.7,0.557,68.2,5,0.326,0.657,3.0,0.339,0.42,0.797,1
305.6,0.643,66.0,5,0.237,0.437,7.1,0.061,0.58,0.727,1
227.3,0.39,96.4,2,0.471,0.974,0.9,0.452,0.612,0.695,1
344.0,0.884,69.7,1,0.198,0.578,2.1,0.637,0.11,0.853,1
271.4,0.788,53.0,3,0.201,0.779,0.3,0.499,0.687,0.822,1
125.5,0.536,86.1,1,0.287,0.93,7.0,0.176,0.68,0.554,1
260.6,0.561,74.0,2,0.069,0.574,8.7,0.221,0.69,0.884,1
114.5,0.476,93.1,4,0.67,0.94,5.7,0.421,0.319,0.932,1
316.6,0.35,75.4,6,0.399,0.728,6.4,0.591,0.065,0.842,1
214.5,0.827,71.7,5,0.643,0.513,4.8,0.212,0.496,0.712,1
199.7,0.104,93.4,5,0.435,0.923,5.7,0.249,0.26,0.483,1
145.1,0.44,50.5,4,0.381,0.581,0.7,0.735,0.351,0.633,1
354.5,0.832,63.8,5,0.438,0.615,5.5,0.448,0.79,0.754,1
203.0,0.815,59.6,7,0.126,0.713,2.0,0.381,0.739,0.679,1
172.9,0.55,41.3,6,0.343,0.873,6.4,0.35,0.331,0.603,0
181.3,0.752,84.2,6,0.139,0.828,3.5,0.189,0.747,0.805,1
278.6,0.709,64.2,3,0.648,0.914,10.2,0.067,0.374,0.785,1
260.2,0.75,84.7,4,0.229,0.997,4.9,0.544,0.815,0.76,1
265.4,0.608,77.4,7,0.177,0.829,1.8,0.37,0.481,0.655,1
267.4,0.706,80.5,3,0.255,0.918,1.3,0.516,0.756,0.823,1
455.6,0.269,65.6,5,0.098,0.853,2.0,0.287,0.527,0.882,1
175.3,0.547,61.3,3,0.111,0.583,4.0,0.624,0.435,0.562,1
163.7,0.559,73.3,3,0.601,0.631,9.7,0.09,0.642,0.83,1
130.5,0.567,84.9,6,0.261,0.979,2.9,0.501,0.554,0.842,1
287.8,0.183,71.3,6,0.131,0.673,5.4,0.13,0.557,0.89,1
344.2,0.401,62.2,6,0.341,0.936,1.2,0.405,0.675,0.959,1
207.5,0.532,55.2,4,0.67,0.609,6.3,0.041,0.233,0.791,1
127.6,0.491,74.9,2,0.144,0.742,3.6,0.691,0.477,0.485,1
129.3,0.402,64.2,7,0.658,0.81,5.3,0.849,0.658,0.626,0
291.6,0.459,71.0,7,0.173,0.966,10.8,0.611,0.405,0.712,0
301.8,0.323,68.7,3,0.204,0.421,4.4,0.576,0.757,0.899,1
279.7,0.606,65.8,2,0.41,0.753,1.4,0.809,0.864,0.832,1
146.8,0.719,76.1,5,0.708,0.72,4.7,0.293,0.204,0.862,1
245.5,0.663,79.8,4,0.146,0.909,4.5,0.396,0.79,0.591,1
232.8,0.17,99.5,3,0.265,0.425,7.1,0.486,0.259,0.614,1
244.1,0.891,82.6,3,0.302,0.564,4.4,0.396,0.674,0.648,1
315.9,0.886,94.3,4,0.267,0.949,10.5,0.364,0.844,0.931,1
244.6,0.744,60.5,7,0.852,0.76,7.3,0.227,0.749,0.629,1
294.7,0.679,49.6,3,0.375,0.97,4.4,0.285,0.222,0.905,1
227.4,0.751,71.8,4,0.089,0.771,4.0,0.709,0.403,0.828,1
251.8,0.286,84.0,3,0.43,0.662,1.7,0.086,0.778,0.703,1
289.4,0.778,81.8,9,0.61,0.329,3.1,0.627,0.306,0.948,1
59.7,0.723,89.0,3,0.38,0.266,1.0,0.127,0.504,0.602,1
184.8,0.767,36.5,4,0.405,0.793,3.7,0.549,0.493,0.717,0
168.3,0.426,89.5,2,0.281,0.593,0.8,0.605,0.595,0.702,1
149.7,0.696,76.7,7,0.556,0.885,4.5,0.096,0.431,0.886,1
189.7,0.265,50.4,6,0.285,0.866,1.5,0.328,0.75,0.865,1
384.4,0.821,82.1,9,0.153,0.377,5.5,0.735,0.757,0.803,1
124.8,0.108,74.4,3,0.416,0.903,4.2,0.098,0.799,0.933,1
326.5,0.598,77.3,4,0.029,0.365,2.7,0.459,0.457,0.877,1
34.9,0.868,86.0,5,0.599,0.495,1.2,0.876,0.575,0.767,0
183.2,0.34,78.0,8,0.289,0.834,4.0,0.604,0.57,0.694,1
237.9,0.867,51.4,6,0.271,0.697,3.8,0.647,0.583,0.801,1
284.5,0.601,70.0,2,0.577,0.629,13.1,0.479,0.199,0.355,0
298.2,0.647,49.4,2,0.405,0.651,3.0,0.28,0.369,0.474,1
307.3,0.824,81.1,4,0.13,0.844,6.8,0.258,0.821,0.673,1
181.6,0.143,91.6,3,0.351,0.846,2.3,0.123,0.491,0.697,1
169.1,0.634,54.6,6,0.252,0.793,1.8,0.07,0.722,0.657,1
314.4,0.464,62.6,5,0.222,0.576,5.8,0.504,0.661,0.767,1
199.0,0.745,59.6,8,0.154,0.743,2.8,0.239,0.681,0.57,1
79.7,0.171,65.6,4,0.572,0.515,3.9,0.625,0.848,0.722,1
95.3,0.459,77.8,2,0.762,0.906,0.4,0.806,0.356,0.578,0
118.9,0.531,65.8,5,0.612,0.695,2.4,0.085,0.483,0.952,1
274.7,0.3,81.1,2,0.611,0.857,2.7,0.549,0.501,0.908,1
235.7,0.537,86.9,4,0.09,0.646,1.6,0.52,0.312,0.896,0
296.0,0.518,87.4,7,0.035,0.403,3.1,0.477,0.971,0.512,1
173.0,0.619,56.3,5,0.239,0.406,0.9,0.591,0.611,0.605,1
237.4,0.752,91.4,4,0.38,0.828,4.5,0.628,0.269,0.942,1
288.8,0.639,92.5,7,0.734,0.708,3.1,0.213,0.562,0.666,1
186.0,0.806,93.7,4,0.131,0.91,2.9,0.607,0.916,0.623,1
270.2,0.737,69.8,0,0.283,0.805,5.8,0.633,0.46,0.784,1
147.2,0.631,61.5,3,0.526,0.787,1.7,0.13,0.505,0.86,1
180.1,0.625,58.2,7,0.139,0.459,10.8,0.206,0.511,0.629,0
178.0,0.637,56.6,2,0.215,0.614,1.6,0.536,0.411,0.64,1
88.5,0.413,72.2,3,0.252,0.883,7.4,0.41,0.87,0.958,1
273.6,0.136,83.9,5,0.234,0.74,9.7,0.103,0.953,0.638,1
168.4,0.724,90.3,0,0.653,0.659,0.6,0.475,0.774,0.707,1
221.4,0.776,65.2,3,0.207,0.284,2.2,0.8,0.878,0.76,1
272.9,0.784,71.5,5,0.535,0.535,1.2,0.624,0.488,0.738,0
269.1,0.02,70.5,6,0.439,0.872,5.7,0.089,0.563,0.321,1
293.2,0.361,63.1,7,0.142,0.811,2.4,0.082,0.465,0.7,0
209.2,0.505,82.3,5,0.166,0.762,1.7,0.806,0.47,0.437,0
173.4,0.506,77.1,4,0.13,0.705,3.4,0.12,0.318,0.982,1
211.2,0.834,74.0,6,0.052,0.725,4.0,0.166,0.614,0.726,1
34.4,0.44,77.0,1,0.39,0.853,8.8,0.731,0.151,0.775,1
60.8,0.322,80.6,8,0.345,0.89,8.8,0.42,0.28,0.751,0
74.5,0.808,80.5,6,0.692,0.94,2.1,0.621,0.866,0.903,1
110.3,0.869,60.3,5,0.081,0.559,1.0,0.17,0.562,0.596,1
264.0,0.518,84.5,3,0.261,0.893,5.2,0.164,0.496,0.387,1
120.4,0.817,75.6,4,0.336,0.846,3.3,0.283,0.692,0.491,1
178.4,0.132,65.9,9,0.396,0.9,9.3,0.704,0.73,0.81,0
362.9,0.784,75.3,5,0.561,0.886,9.5,0.631,0.567,0.725,1
180.8,0.739,76.8,3,0.523,0.708,5.4,0.312,0.324,0.818,1
301.1,0.904,87.1,5,0.561,0.606,4.4,0.364,0.72,0.906,1
117.3,0.103,57.4,6,0.158,0.665,4.7,0.531,0.495,0.856,0
197.4,0.311,90.5,5,0.726,0.38,4.3,0.346,0.622,0.911,1
115.5,0.582,72.3,2,0.751,0.431,4.6,0.568,0.302,0.906,1
182.7,0.654,64.9,3,0.285,0.856,2.7,0.574,0.224,0.65,1
312.4,0.841,64.5,4,0.33,0.52,2.5,0.706,0.802,0.512,1
30.0,0.428,58.0,3,0.699,0.916,2.9,0.572,0.666,0.619,0
267.8,0.217,47.6,3,0.449,0.603,12.5,0.56,0.731,0.435,0
246.2,0.375,81.5,4,0.41,0.468,0.4,0.916,0.502,0.807,0
154.6,0.598,99.7,3,0.242,0.771,2.4,0.26,0.598,0.786,1
60.9,0.075,49.4,6,0.932,0.777,2.8,0.296,0.606,0.671,0
227.9,0.725,58.7,7,0.38,0.752,5.2,0.864,0.756,0.554,1
161.8,0.497,82.5,7,0.579,0.915,2.3,0.5,0.43,0.44,1
245.6,0.214,71.4,7,0.203,0.778,9.9,0.107,0.439,0.932,0
222.4,0.528,83.7,4,0.581,0.823,8.4,0.362,0.957,0.715,1
396.2,0.122,70.6,8,0.703,0.804,10.2,0.645,0.771,0.912,1
193.7,0.852,63.9,4,0.692,0.689,4.5,0.722,0.819,0.517,1
107.4,0.805,68.8,5,0.544,0.513,9.4,0.606,0.521,0.761,1
239.7,0.558,38.7,12,0.347,0.841,2.1,0.69,0.397,0.813,1
244.2,0.66,56.0,7,0.795,0.538,4.0,0.134,0.499,0.627,0
369.5,0.362,85.3,1,0.415,0.838,0.6,0.614,0.744,0.581,1
311.9,0.602,88.7,8,0.102,0.889,5.7,0.29,0.536,0.84,1
259.3,0.568,91.7,5,0.682,0.959,5.6,0.522,0.146,0.841,1
381.0,0.633,78.2,4,0.278,0.812,4.5,0.101,0.582,0.847,1
89.2,0.422,40.4,5,0.369,0.807,3.3,0.328,0.084,0.709,0
149.6,0.761,63.1,4,0.027,0.922,7.0,0.458,0.741,0.715,1
118.1,0.536,90.5,7,0.431,0.714,9.1,0.098,0.621,0.911,1
177.1,0.715,94.7,2,0.303,0.789,12.9,0.193,0.811,0.858,1
68.6,0.707,91.1,3,0.344,0.37,5.5,0.585,0.818,0.86,1
289.9,0.897,68.7,2,0.149,0.901,3.8,0.539,0.627,0.864,1
195.6,0.571,53.7,5,0.488,0.287,2.6,0.655,0.587,0.819,1
58.2,0.47,71.4,5,0.136,0.786,6.0,0.635,0.796,0.866,1
108.3,0.662,72.2,2,0.351,0.738,2.1,0.602,0.244,0.787,1
254.5,0.588,93.9,3,0.32,0.807,5.7,0.423,0.525,0.667,1
312.2,0.874,75.2,0,0.491,0.287,2.2,0.703,0.901,0.741,1
439.6,0.248,72.2,1,0.289,0.37,3.9,0.337,0.685,0.6,1
540.5,0.737,73.0,6,0.324,0.865,1.9,0.235,0.78,0.73,1
265.6,0.525,77.6,4,0.378,0.936,2.8,0.301,0.559,0.332,1
111.2,0.139,80.8,3,0.452,0.6,5.3,0.384,0.755,0.819,1
0.0,0.585,61.9,3,0.515,0.76,7.6,0.484,0.501,0.838,0
249.4,0.609,57.2,9,0.412,0.481,3.2,0.575,0.683,0.734,0
130.6,0.515,91.2,6,0.675,0.976,0.4,0.731,0.541,0.897,1
174.3,0.092,49.0,3,0.307,0.814,0.8,0.478,0.484,0.763,1
152.7,0.243,94.9,4,0.188,0.926,0.8,0.715,0.455,0.466,1
204.5,0.706,45.3,1,0.771,0.966,9.6,0.456,0.403,0.561,0
337.3,0.678,63.8,1,0.5,0.954,17.8,0.112,0.415,0.698,0
237.3,0.898,85.6,7,0.446,0.848,3.7,0.497,0.44,0.539,1
202.6,0.527,72.0,11,0.401,0.838,0.8,0.442,0.56,0.89,1
106.1,0.441,53.6,3,0.247,0.924,1.8,0.644,0.414,0.917,0
35.8,0.716,78.0,3,0.083,0.645,1.6,0.771,0.739,0.835,1
166.5,0.444,72.9,1,0.694,0.911,9.3,0.687,0.536,0.638,1
214.1,0.811,69.0,6,0.757,0.721,2.9,0.2,0.851,0.654,1
414.5,0.648,63.3,10,0.132,0.476,26.0,0.522,0.63,0.716,0
234.3,0.401,71.5,4,0.649,0.904,1.5,0.737,0.679,0.386,0
328.1,0.267,63.9,3,0.514,0.596,1.7,0.519,0.668,0.448,1
165.1,0.753,100.0,5,0.147,0.367,2.9,0.605,0.616,0.728,1
89.7,0.138,68.6,4,0.307,0.542,2.6,0.799,0.482,0.779,1
113.8,0.111,66.8,4,0.262,0.86,8.3,0.598,0.21,0.654,0
140.2,0.784,64.4,10,0.329,0.409,4.2,0.588,0.618,0.814,1
454.1,0.474,96.9,5,0.267,0.349,6.3,0.446,0.815,0.938,1
129.6,0.47,49.1,7,0.184,0.49,5.0,0.541,0.575,0.567,0
312.2,0.313,77.0,7,0.306,0.621,5.0,0.536,0.381,0.561,1
120.7,0.482,68.6,6,0.442,0.455,3.5,0.564,0.663,0.91,0
322.5,0.898,52.1,3,0.241,0.932,8.7,0.462,0.684,0.532,1
262.3,0.308,60.5,6,0.747,0.611,7.5,0.342,0.531,0.845,1
202.8,0.947,76.4,7,0.405,0.981,2.1,0.257,0.403,0.608,1
215.5,0.722,59.9,3,0.67,0.907,2.9,0.51,0.605,0.659,1
148.0,0.467,75.6,5,0.138,0.877,1.9,0.261,0.228,0.507,1
269.1,0.421,96.2,3,0.165,0.903,4.3,0.287,0.303,0.863,1
170.0,0.399,74.4,5,0.289,0.803,5.4,0.603,0.599,0.554,1
85.2,0.823,51.7,6,0.659,0.701,2.7,0.744,0.809,0.662,1
79.4,0.435,60.1,5,0.398,0.606,3.0,0.208,0.529,0.505,0
239.0,0.505,68.0,3,0.655,0.534,2.1,0.518,0.348,0.83,0
393.7,0.451,67.1,5,0.039,0.349,1.7,0.052,0.968,0.968,1
237.6,0.708,74.1,7,0.377,0.921,2.9,0.207,0.6,0.788,1
206.9,0.652,76.4,4,0.948,0.649,3.5,0.185,0.463,0.648,1
251.4,0.307,96.2,0,0.12,0.633,2.0,0.651,0.42,0.786,1
363.7,0.478,71.9,5,0.324,0.681,1.6,0.236,0.605,0.947,1
244.1,0.468,55.9,7,0.28,0.9,14.9,0.263,0.743,0.725,1
174.8,0.616,88.2,7,0.327,0.222,2.8,0.522,0.391,0.724,0
341.7,0.739,89.7,3,0.059,0.748,4.6,0.117,0.654,0.67,1
267.2,0.237,75.3,6,0.754,0.743,6.0,0.701,0.464,0.681,1
388.9,0.64,68.6,3,0.242,0.355,5.0,0.743,0.438,0.654,1
240.2,0.729,80.7,2,0.109,0.648,6.5,0.499,0.195,0.82,0
85.3,0.48,69.0,3,0.152,0.748,4.4,0.846,0.503,0.884,1
69.5,0.304,43.2,1,0.131,0.859,1.0,0.029,0.75,0.828,1
401.6,0.494,79.9,4,0.128,0.904,4.5,0.669,0.251,0.72,0
409.6,0.713,84.5,10,0.317,0.617,3.2,0.376,0.292,0.538,1
200.3,0.625,92.2,3,0.557,0.833,2.0,0.577,0.903,0.783,1
177.8,0.542,61.8,3,0.566,0.279,12.2,0.275,0.597,0.687,1
380.8,0.395,75.2,3,0.235,0.373,0.8,0.172,0.726,0.559,1
98.2,0.859,75.5,6,0.35,0.558,5.5,0.737,0.884,0.905,0
121.6,0.473,73.2,6,0.244,0.41,5.3,0.707,0.194,0.543,1
290.8,0.435,73.6,5,0.251,0.63,10.3,0.6,0.812,0.588,1
176.6,0.851,72.5,5,0.087,0.761,4.9,0.596,0.242,0.863,1
219.4,0.373,75.0,6,0.181,0.972,2.6,0.857,0.719,0.921,1
202.0,0.352,82.4,0,0.345,0.488,0.7,0.846,0.24,0.74,0
257.1,0.354,89.1,3,0.376,0.747,0.8,0.299,0.406,0.812,0
374.8,0.049,61.4,9,0.65,0.157,2.8,0.577,0.606,0.345,1
230.0,0.687,69.6,4,0.61,0.586,9.2,0.709,0.608,0.616,1
290.8,0.605,66.1,3,0.514,0.875,1.0,0.301,0.581,0.777,1
0.0,0.294,64.1,1,0.488,0.31,4.5,0.682,0.09,0.583,1
214.6,0.716,49.4,7,0.397,0.758,8.6,0.567,0.615,0.506,1
127.2,0.344,72.3,4,0.819,0.646,11.6,0.718,0.621,0.919,0
85.9,0.792,78.7,4,0.582,0.835,3.3,0.54,0.709,0.957,1
123.4,0.291,69.8,2,0.152,0.84,0.4,0.293,0.441,0.873,1
183.2,0.713,71.9,4,0.229,0.935,7.9,0.424,0.257,0.482,1
320.7,0.226,77.9,4,0.569,0.863,2.8,0.389,0.19,0.631,1
74.1,0.594,91.8,4,0.1,0.925,5.7,0.844,0.658,0.613,1
223.4,0.59,66.1,4,0.37,0.728,5.8,0.152,0.687,0.761,1
166.7,0.262,55.6,6,0.406,0.554,1.9,0.196,0.717,0.47,1
184.0,0.404,70.7,2,0.846,0.45,0.3,0.433,0.493,0.746,0
330.3,0.591,98.4,3,0.797,0.762,4.4,0.17,0.89,0.872,1
279.2,0.57,55.7,6,0.278,0.666,7.0,0.742,0.583,0.77,1
367.1,0.666,81.1,3,0.023,0.421,8.2,0.39,0.683,0.997,1
203.0,0.371,88.2,7,0.461,0.886,5.2,0.532,0.414,0.79,1
143.4,0.558,38.9,4,0.012,0.462,6.7,0.219,0.169,0.598,0
195.4,0.562,77.7,7,0.033,0.66,2.2,0.532,0.638,0.663,1
246.7,0.656,80.4,5,0.242,0.897,8.7,0.637,0.425,0.78,1
239.4,0.757,68.3,4,0.204,0.484,7.4,0.568,0.793,0.895,1
100.7,0.288,62.9,2,0.257,0.946,6.1,0.318,0.707,0.626,1
230.0,0.708,63.7,5,0.171,0.855,2.4,0.077,0.212,0.696,0
245.1,0.935,67.4,7,0.672,0.76,4.1,0.536,0.702,0.866,1
496.9,0.066,67.8,4,0.392,0.46,3.1,0.558,0.638,0.562,1
426.5,0.328,65.1,2,0.178,0.711,3.3,0.26,0.43,0.888,1
126.1,0.357,67.2,1,0.25,0.62,6.4,0.144,0.17,0.812,1
188.4,0.376,88.7,3,0.347,0.668,6.1,0.223,0.639,0.627,1
59.0,0.91,55.0,4,0.683,0.427,0.6,0.469,0.564,0.697,1
155.0,0.282,47.5,3,0.437,0.494,2.3,0.56,0.55,0.553,0
254.7,0.687,88.9,5,0.764,0.787,5.3,0.748,0.739,0.764,1
352.6,0.387,69.3,5,0.109,0.627,3.4,0.696,0.508,0.764,0
139.8,0.463,66.6,4,0.088,0.324,1.5,0.84,0.493,0.819,0
148.0,0.527,70.4,3,0.121,0.913,8.0,0.543,0.637,0.615,1
0.0,0.705,74.9,4,0.812,0.803,26.2,0.532,0.775,0.768,0
202.1,0.543,64.7,5,0.195,0.811,1.5,0.179,0.858,0.576,1
103.1,0.549,79.1,2,0.155,0.885,0.6,0.221,0.897,0.677,1
161.8,0.662,58.5,5,0.116,0.598,11.1,0.785,0.577,0.462,1
123.5,0.735,67.8,10,0.154,0.848,2.1,0.767,0.639,0.638,1
209.6,0.808,41.0,10,0.232,0.703,6.7,0.474,0.44,0.992,1
26.6,0.735,88.4,4,0.079,0.933,2.0,0.5,0.77,0.486,1
58.6,0.476,69.5,4,0.783,0.732,12.7,0.435,0.38,0.825,0
454.2,0.686,81.4,9,0.11,0.847,7.1,0.632,0.641,0.627,1
78.4,0.667,78.7,4,0.279,0.566,2.0,0.582,0.832,0.523,1
99.4,0.687,79.7,4,0.071,0.526,1.8,0.401,0.441,0.296,1
422.1,0.389,71.9,1,0.117,0.666,1.9,0.573,0.793,0.598,1
539.6,0.817,77.4,3,0.149,0.53,2.8,0.56,0.86,0.809,1
91.1,0.551,58.5,4,0.907,0.549,8.3,0.44,0.535,0.624,0
179.5,0.804,55.6,6,0.251,0.781,0.7,0.519,0.641,0.613,1
257.6,0.325,70.6,4,0.105,0.801,2.3,0.431,0.033,0.578,1
410.2,0.638,62.5,6,0.468,0.955,7.3,0.295,0.754,0.942,1
111.4,0.811,92.0,5,0.582,0.944,7.4,0.623,0.587,0.664,1
193.0,0.856,77.3,3,0.426,0.322,8.9,0.63,0.363,0.59,1
305.5,0.524,62.0,4,0.121,0.885,1.1,0.398,0.361,0.899,1
267.8,0.794,68.2,6,0.057,0.91,3.2,0.47,0.294,0.384,1
178.6,0.788,73.9,4,0.496,0.592,2.2,0.317,0.282,0.701,1
205.3,0.897,71.0,4,0.489,0.903,11.8,0.452,0.513,0.829,1
68.8,0.583,75.8,2,0.054,0.849,4.4,0.96,0.367,0.813,1
193.8,0.396,73.0,4,0.043,0.858,1.8,0.702,0.129,0.785,0
190.7,0.366,52.5,6,0.386,0.455,11.3,0.629,0.517,0.674,1
245.5,0.52,41.9,3,0.165,0.825,3.6,0.901,0.224,0.816,1
158.9,0.59,66.8,5,0.378,0.428,4.3,0.296,0.641,0.578,1
271.9,0.733,79.8,7,0.404,0.934,13.1,0.444,0.255,0.657,1
331.4,0.758,66.9,4,0.539,0.88,4.5,0.615,0.549,0.927,1
237.1,0.589,89.3,8,0.268,0.895,9.4,0.355,0.436,0.85,1
258.7,0.793,71.3,3,0.587,0.688,2.8,0.102,0.845,0.752,1
225.8,0.079,91.0,8,0.347,0.881,7.0,0.196,0.592,0.632,1
220.0,0.71,88.1,6,0.387,0.736,4.8,0.63,0.415,0.408,1
140.6,0.843,86.7,4,0.268,0.56,7.9,0.427,0.855,0.987,1
254.8,0.174,55.2,7,0.097,0.553,4.4,0.265,0.529,0.872,1
209.3,0.309,72.2,2,0.375,0.731,4.3,0.632,0.562,0.504,0
450.2,0.569,89.1,3,0.69,0.482,9.1,0.765,0.086,0.782,1
393.1,0.794,75.8,5,0.318,0.896,2.3,0.529,0.343,0.892,1
262.4,0.963,79.8,3,0.568,0.691,2.5,0.528,0.229,0.884,1
136.1,0.675,52.6,3,0.437,0.731,14.5,0.441,0.722,0.903,1
97.6,0.619,98.9,4,0.413,0.752,2.2,0.721,0.613,0.538,1
351.0,0.835,60.9,4,0.694,0.653,2.9,0.296,0.929,0.675,1
248.9,0.667,44.1,7,0.213,0.965,2.2,0.644,0.311,0.934,0
272.8,0.502,67.1,0,0.391,0.747,2.6,0.789,0.709,0.773,1
28.1,0.341,37.7,1,0.617,0.865,1.1,0.635,0.177,0.868,0
322.0,0.82,56.8,4,0.207,0.846,6.0,0.705,0.423,0.612,1
270.0,0.89,100.0,4,0.561,0.658,6.8,0.198,0.572,0.966,1
97.9,0.577,66.7,3,0.429,0.553,0.4,0.815,0.695,0.618,1
168.1,0.888,52.0,4,0.198,0.788,3.1,0.409,0.531,0.787,1
249.0,0.967,72.4,6,0.185,0.854,3.0,0.412,0.136,0.679,1
225.8,0.874,59.4,2,0.286,0.4,1.5,0.148,0.314,0.942,1
187.9,0.242,84.1,1,0.164,0.475,1.5,0.223,0.519,0.84,1
208.6,0.872,59.5,3,0.377,0.815,3.0,0.405,0.817,0.828,1
192.3,0.233,75.8,5,0.084,0.919,9.0,0.69,0.93,0.785,0
236.8,0.267,55.9,3,0.273,0.575,4.9,0.19,0.402,0.918,1
381.9,0.793,100.0,6,0.072,0.943,5.1,0.229,0.666,0.73,1
0.0,0.396,79.1,2,0.043,0.691,2.5,0.306,0.633,0.673,1
193.9,0.387,70.0,8,0.415,0.933,1.5,0.081,0.644,0.624,1
239.4,0.786,67.9,4,0.049,0.271,13.1,0.364,0.499,0.664,1
252.6,0.195,64.2,2,0.833,0.878,8.7,0.298,0.722,0.514,1
179.1,0.853,61.3,3,0.38,0.731,8.4,0.299,0.16,0.865,1
26.8,0.794,61.0,0,0.52,0.792,5.1,0.313,0.594,0.844,1
256.1,0.945,95.5,5,0.486,0.827,7.8,0.161,0.671,0.862,1
410.0,0.847,64.3,3,0.363,0.763,6.4,0.63,0.825,0.664,1
51.3,0.755,42.2,8,0.066,0.543,1.8,0.105,0.614,0.879,1
315.0,0.638,55.7,3,0.21,0.592,13.3,0.733,0.736,0.955,0
183.9,0.358,85.0,2,0.484,0.733,7.9,0.165,0.553,0.37,1
213.3,0.546,68.5,9,0.414,0.945,3.6,0.69,0.405,0.72,1
104.2,0.933,70.1,6,0.678,0.793,1.4,0.537,0.38,0.946,1
183.2,0.756,88.4,5,0.335,0.928,1.5,0.493,0.537,0.731,1
363.0,0.871,61.1,6,0.532,0.839,5.1,0.725,0.578,0.561,1
284.1,0.703,80.9,6,0.252,0.473,3.8,0.443,0.442,0.894,1
410.6,0.539,62.6,7,0.316,0.319,2.6,0.505,0.297,0.875,1
349.5,0.575,80.1,7,0.355,0.978,5.0,0.579,0.738,0.687,1
268.3,0.556,66.5,9,0.481,0.991,4.1,0.363,0.98,0.957,1
411.8,0.493,68.6,8,0.4,0.523,3.4,0.806,0.483,0.645,1
268.3,0.788,83.5,3,0.443,0.601,1.6,0.458,0.699,0.799,1
311.1,0.079,82.5,2,0.359,0.787,4.1,0.668,0.398,0.896,1
187.4,0.703,69.7,3,0.163,0.618,9.9,0.55,0.206,0.937,0
227.3,0.611,65.4,3,0.14,0.929,1.4,0.308,0.77,0.604,1
143.3,0.907,94.4,3,0.087,0.56,9.4,0.386,0.656,0.785,1
328.9,0.552,80.3,7,0.467,0.697,9.7,0.551,0.794,0.648,1
90.4,0.747,66.5,4,0.442,0.49,4.7,0.515,0.824,0.748,1
306.1,0.63,62.9,0,0.044,0.19,4.7,0.656,0.662,0.647,1
199.0,0.641,86.3,3,0.571,0.951,4.4,0.29,0.868,0.397,1
348.8,0.63,73.6,3,0.56,0.692,5.5,0.311,0.282,0.747,1
302.6,0.37,69.7,4,0.394,0.957,3.1,0.349,0.566,0.727,1
420.3,0.251,73.6,7,0.383,0.582,6.3,0.39,0.672,0.64,1
300.4,0.637,76.7,2,0.481,0.608,0.6,0.308,0.584,0.816,1
47.1,0.51,71.2,9,0.138,0.893,16.0,0.249,0.537,0.921,1
212.6,0.555,88.9,3,0.614,0.728,7.1,0.898,0.738,0.793,1
91.1,0.574,89.6,6,0.09,0.925,5.0,0.391,0.575,0.806,1
163.0,0.827,79.4,5,0.134,0.423,6.9,0.559,0.564,0.364,0
386.2,0.778,91.2,6,0.268,0.837,4.4,0.333,0.662,0.823,1
290.1,0.215,72.1,3,0.053,0.808,6.6,0.431,0.093,0.865,1
143.1,0.355,81.7,4,0.113,0.891,4.4,0.713,0.374,0.744,0
108.5,0.679,86.1,8,0.367,0.936,3.1,0.599,0.34,0.745,1
223.6,0.581,86.3,3,0.132,0.948,5.8,0.227,0.902,0.788,1
86.2,0.147,84.8,1,0.612,0.939,5.1,0.346,0.169,0.688,1
146.2,0.656,80.8,3,0.041,0.492,6.2,0.605,0.802,0.955,1
254.3,0.667,99.4,2,0.32,0.317,2.8,0.649,0.215,0.909,1
347.1,0.786,64.4,4,0.376,0.697,0.8,0.758,0.681,0.535,1
287.0,0.768,69.8,4,0.47,0.58,4.8,0.561,0.561,0.883,1
0.0,0.692,69.0,6,0.5,0.863,6.8,0.142,0.903,0.699,0
253.5,0.084,66.8,6,0.359,0.807,13.3,0.517,0.695,0.712,1
227.9,0.86,44.2,3,0.553,0.846,5.7,0.659,0.246,0.511,0
265.5,0.201,91.2,6,0.417,0.922,2.0,0.478,0.952,0.783,1
397.8,0.327,57.6,4,0.634,0.747,9.1,0.558,0.104,0.753,0
0.0,0.738,74.4,1,0.467,0.745,4.6,0.316,0.671,0.977,0
155.0,0.725,52.1,6,0.557,0.628,9.2,0.362,0.667,0.964,1
285.0,0.194,80.7,4,0.315,0.562,2.7,0.353,0.679,0.668,1
46.0,0.619,61.0,8,0.38,0.645,3.9,0.146,0.163,0.735,0
382.4,0.781,56.1,4,0.241,0.909,7.2,0.094,0.294,0.637,1
260.5,0.697,74.7,8,0.021,0.562,7.8,0.17,0.891,0.749,1
313.1,0.658,62.2,3,0.622,0.958,5.4,0.406,0.623,0.772,1
157.2,0.311,64.0,3,0.263,0.799,6.1,0.516,0.381,0.768,0
309.5,0.707,74.4,5,0.363,0.643,7.6,0.416,0.428,0.842,1
337.5,0.678,83.2,8,0.563,0.721,4.2,0.366,0.208,0.771,1
245.6,0.922,60.5,4,0.353,0.638,4.6,0.544,0.87,0.611,1
245.8,0.323,58.1,3,0.131,0.763,13.1,0.496,0.504,0.985,0
249.7,0.536,72.3,10,0.244,0.436,2.7,0.339,0.348,0.872,1
125.0,0.613,79.5,5,0.168,0.936,1.2,0.426,0.638,0.84,1
203.8,0.549,92.5,6,0.106,0.527,4.6,0.107,0.081,0.674,1
203.2,0.895,57.0,6,0.619,0.927,4.5,0.381,0.592,0.687,0
262.2,0.608,67.5,4,0.451,0.907,1.6,0.268,0.426,0.814,1
330.0,0.562,88.5,4,0.681,0.738,4.3,0.784,0.709,0.844,1
103.6,0.435,99.6,4,0.54,0.934,1.2,0.755,0.512,0.728,1
206.2,0.868,58.1,6,0.453,0.677,2.6,0.069,0.755,0.839,1
383.0,0.608,61.7,3,0.274,0.637,5.7,0.769,0.525,0.453,1
138.2,0.34,77.3,5,0.651,0.903,1.3,0.205,0.516,0.914,1
129.6,0.683,63.9,5,0.459,0.665,3.5,0.658,0.128,0.444,0
242.3,0.265,61.4,4,0.132,0.521,0.6,0.358,0.239,0.693,1
312.9,0.742,75.4,5,0.163,0.863,2.8,0.332,0.376,0.562,1
221.3,0.634,93.7,5,0.17,0.939,9.1,0.204,0.887,0.652,1
366.2,0.728,53.7,8,0.297,0.716,16.9,0.344,0.214,0.787,0
314.2,0.408,93.0,5,0.782,0.777,3.8,0.763,0.601,0.43,1
312.6,0.605,64.0,3,0.456,0.66,5.5,0.185,0.692,0.686,1
281.0,0.847,76.8,3,0.291,0.688,1.6,0.458,0.444,0.508,1
476.0,0.282,94.3,2,0.178,0.498,5.3,0.231,0.633,0.517,1
197.4,0.42,76.6,3,0.185,0.495,10.1,0.721,0.421,0.858,1
0.0,0.256,67.8,2,0.353,0.702,4.3,0.556,0.567,0.89,0
396.5,0.691,82.1,7,0.585,0.238,8.3,0.361,0.861,0.741,1
169.7,0.732,69.6,4,0.709,0.785,2.6,0.025,0.23,0.881,1
231.9,0.119,79.3,5,0.462,0.91,0.9,0.774,0.712,0.611,1
364.1,0.6,69.1,6,0.45,0.623,3.2,0.198,0.561,0.78,0
43.8,0.282,84.1,8,0.054,0.597,2.5,0.654,0.519,0.883,1
82.3,0.713,52.5,1,0.164,0.859,8.0,0.308,0.712,0.527,1
43.9,0.196,57.8,7,0.442,0.293,8.1,0.453,0.399,0.818,0
132.6,0.483,52.3,3,0.694,0.98,1.5,0.357,0.47,0.816,0
268.4,0.796,71.2,6,0.876,0.762,5.9,0.361,0.587,0.956,1
277.7,0.627,50.6,3,0.592,0.594,7.0,0.625,0.395,0.644,1
250.4,0.405,62.3,6,0.072,0.74,2.9,0.311,0.871,0.52,0
64.6,0.181,56.5,3,0.075,0.744,4.6,0.747,0.307,0.875,1
0.0,0.476,92.7,7,0.271,0.899,6.5,0.291,0.416,0.519,1
226.0,0.605,58.1,2,0.685,0.794,8.6,0.509,0.163,0.923,1
168.1,0.525,54.0,1,0.258,0.413,4.7,0.385,0.423,0.638,0
270.5,0.398,75.5,8,0.442,0.847,5.6,0.405,0.565,0.898,1
297.2,0.426,95.6,4,0.813,0.867,7.0,0.507,0.418,0.617,1
235.2,0.48,70.4,6,0.658,0.905,1.5,0.292,0.486,0.911,1
303.6,0.463,71.5,9,0.511,0.374,0.4,0.716,0.766,0.708,1
245.2,0.408,90.1,7,0.369,0.483,6.4,0.238,0.675,0.644,1
278.3,0.228,84.3,6,0.269,0.903,4.8,0.458,0.634,0.851,1
142.5,0.81,78.0,3,0.424,0.872,1.4,0.518,0.564,0.761,1
200.2,0.463,63.8,7,0.184,0.829,6.7,0.284,0.626,0.945,1
241.6,0.314,78.4,7,0.438,0.839,1.4,0.448,0.564,0.948,1
310.3,0.461,52.9,4,0.729,0.679,4.5,0.471,0.305,0.948,0
176.7,0.368,63.3,5,0.052,0.573,6.4,0.672,0.475,0.837,1
277.3,0.197,92.0,4,0.052,0.624,8.1,0.399,0.454,0.927,1
190.8,0.195,90.2,3,0.436,0.827,3.2,0.456,0.38,0.756,1
207.1,0.259,78.1,4,0.141,0.439,7.7,0.109,0.18,0.646,0
311.2,0.397,45.0,3,0.264,0.842,3.6,0.714,0.69,0.808,1
0.8,0.481,55.1,5,0.766,0.997,2.0,0.089,0.552,0.77,0
77.4,0.743,62.5,10,0.289,0.749,2.6,0.106,0.719,0.936,1
57.0,0.605,69.6,7,0.574,0.805,2.9,0.242,0.572,0.87,1
0.0,0.477,54.5,3,0.276,0.668,0.2,0.136,0.888,0.927,1
145.4,0.443,68.6,2,0.447,0.848,6.9,0.522,0.433,0.685,1
302.4,0.566,96.7,7,0.352,0.882,5.5,0.404,0.317,0.667,1
188.7,0.34,77.6,4,0.555,0.736,2.6,0.276,0.554,0.733,1
241.8,0.491,75.1,9,0.129,0.806,5.8,0.495,0.697,0.738,1
339.8,0.768,57.8,6,0.521,0.749,1.4,0.586,0.09,0.683,1
366.0,0.646,49.1,2,0.042,0.563,5.9,0.4,0.717,0.909,1
212.4,0.558,54.8,6,0.345,0.678,6.7,0.426,0.696,0.607,1
368.9,0.422,48.5,3,0.224,0.556,1.1,0.521,0.193,0.478,1
230.1,0.6,73.1,5,0.894,0.422,7.3,0.36,0.55,0.768,1
127.9,0.803,77.4,5,0.527,0.88,3.6,0.091,0.585,0.704,1
154.6,0.858,58.5,2,0.109,0.833,3.6,0.384,0.734,0.399,1
57.1,0.737,74.1,3,0.492,0.215,1.2,0.467,0.593,0.861,1
122.3,0.331,92.6,2,0.526,0.767,8.2,0.299,0.379,0.918,1
180.6,0.63,99.4,1,0.281,0.888,8.2,0.439,0.22,0.826,1
308.4,0.486,82.8,4,0.552,0.542,11.0,0.219,0.344,0.797,1
409.3,0.945,69.6,7,0.219,0.8,8.8,0.317,0.732,0.893,1
68.0,0.599,82.3,3,0.511,0.991,4.8,0.454,0.587,0.611,1
263.2,0.321,90.9,5,0.317,0.974,5.2,0.832,0.884,0.888,1
105.5,0.815,43.9,4,0.889,0.792,0.5,0.074,0.374,0.92,0
272.2,0.643,92.7,2,0.3,0.762,0.4,0.361,0.641,0.807,1
205.6,0.046,64.4,4,0.784,0.759,3.8,0.342,0.373,0.795,0
18.6,0.667,64.5,3,0.118,0.443,3.7,0.473,0.592,0.896,1
322.1,0.646,67.0,1,0.336,0.944,1.9,0.326,0.177,0.855,0
153.4,0.869,76.5,6,0.06,0.773,3.9,0.767,0.757,0.852,1
161.3,0.269,56.4,3,0.578,0.835,2.2,0.745,0.557,0.538,1
102.3,0.531,68.0,7,0.611,0.597,8.3,0.887,0.743,0.568,0
148.0,0.386,79.4,9,0.477,0.943,4.5,0.548,0.542,0.697,1
267.1,0.216,75.1,8,0.252,0.907,2.5,0.33,0.157,0.446,1
199.2,0.352,77.3,4,0.078,0.752,8.3,0.42,0.55,0.87,1
256.2,0.788,67.5,3,0.787,0.798,1.3,0.527,0.358,0.637,1
259.8,0.533,81.7,5,0.103,0.76,14.1,0.766,0.177,0.937,1
365.3,0.877,86.8,5,0.307,0.675,4.9,0.5,0.233,0.82,1
182.3,0.217,86.0,6,0.614,0.812,3.8,0.227,0.913,0.72,1
57.5,0.702,78.0,10,0.271,0.609,0.9,0.214,0.956,0.646,1
337.4,0.887,85.1,3,0.149,0.79,4.1,0.491,0.725,0.912,1
183.5,0.352,84.2,7,0.391,0.765,3.5,0.343,0.759,0.661,1
342.6,0.895,100.0,6,0.36,0.223,6.3,0.351,0.647,0.883,1
262.2,0.452,89.1,9,0.178,0.481,3.7,0.661,0.843,0.924,1
205.6,0.732,70.8,5,0.695,0.971,1.4,0.174,0.827,0.843,1
258.4,0.765,59.2,9,0.35,0.855,3.3,0.601,0.517,0.764,1
434.6,0.631,68.3,5,0.424,0.585,2.3,0.425,0.364,0.933,1
448.5,0.195,67.4,6,0.205,0.196,1.3,0.544,0.954,0.855,1
227.6,0.435,79.2,3,0.366,0.868,9.1,0.768,0.579,0.839,1
237.6,0.522,62.2,4,0.279,0.641,0.8,0.289,0.792,0.727,1
338.4,0.717,88.7,4,0.27,0.589,8.4,0.606,0.222,0.838,1
127.0,0.242,52.5,6,0.526,0.804,4.3,0.474,0.375,0.812,0
256.6,0.759,49.1,4,0.711,0.659,6.7,0.412,0.32,0.903,1
217.2,0.917,70.1,3,0.171,0.612,9.7,0.233,0.107,0.313,0
254.5,0.746,60.2,4,0.453,0.931,2.5,0.607,0.417,0.925,1
128.3,0.066,54.4,6,0.498,0.737,4.5,0.71,0.267,0.524,0
45.1,0.883,63.1,7,0.485,0.671,2.7,0.253,0.498,0.821,1
0.0,0.388,61.3,6,0.143,0.652,3.5,0.61,0.851,0.927,0
97.1,0.481,72.1,2,0.069,0.569,6.4,0.538,0.306,0.943,1
169.5,0.839,63.3,4,0.245,0.802,4.0,0.339,0.475,0.945,1
187.7,0.351,64.5,5,0.517,0.619,4.4,0.699,0.24,0.95,0
433.1,0.149,71.9,3,0.691,0.712,1.8,0.36,0.334,0.681,1
341.7,0.593,86.2,7,0.075,0.957,3.8,0.69,0.246,0.732,1
114.2,0.937,92.6,3,0.551,0.933,2.9,0.169,0.62,0.978,1
258.2,0.513,74.1,5,0.126,0.903,4.2,0.408,0.719,0.838,1
175.2,0.612,75.2,6,0.804,0.805,1.7,0.349,0.814,0.795,1
188.7,0.595,69.4,3,0.269,0.977,2.5,0.349,0.333,0.765,1
240.4,0.591,78.7,5,0.581,0.499,5.0,0.352,0.647,0.498,1
288.1,0.421,77.5,5,0.248,0.846,6.2,0.128,0.202,0.892,1
182.7,0.527,90.6,2,0.809,0.749,4.6,0.218,0.597,0.568,1
337.0,0.603,45.6,7,0.418,0.786,3.3,0.237,0.312,0.629,1
94.4,0.248,68.7,3,0.281,0.217,2.4,0.443,0.238,0.856,0
220.7,0.773,76.7,3,0.015,0.786,0.7,0.094,0.259,0.537,1
505.7,0.339,71.6,2,0.316,0.652,9.3,0.943,0.182,0.693,1
244.5,0.95,58.9,8,0.662,0.584,8.0,0.217,0.925,0.568,1
377.7,0.675,53.8,4,0.194,0.95,10.2,0.638,0.643,0.754,1
230.1,0.865,83.3,3,0.52,0.775,10.0,0.054,0.096,0.578,1
283.9,0.494,61.4,7,0.244,0.437,5.1,0.196,0.535,0.389,1
213.8,0.386,47.4,3,0.174,0.755,16.1,0.527,0.486,0.875,0
201.3,0.435,84.0,6,0.087,0.955,3.6,0.738,0.639,0.825,1
134.3,0.604,78.4,4,0.29,0.371,4.5,0.641,0.861,0.87,1
267.3,0.544,70.4,2,0.321,0.991,2.5,0.767,0.717,0.787,1
126.3,0.757,59.2,2,0.676,0.72,1.3,0.242,0.158,0.929,0
293.2,0.738,70.4,5,0.163,0.887,2.9,0.608,0.677,0.916,1
339.4,0.711,89.0,4,0.646,0.748,2.7,0.719,0.83,0.574,1
260.3,0.779,49.4,7,0.036,0.648,6.8,0.656,0.508,0.776,1
188.5,0.734,50.1,5,0.077,0.714,4.8,0.698,0.388,0.986,1
269.9,0.553,63.2,5,0.269,0.803,5.7,0.315,0.734,0.923,0
186.0,0.351,71.6,4,0.033,0.61,5.1,0.236,0.131,0.513,1
322.9,0.444,65.1,6,0.159,0.139,5.2,0.324,0.365,0.953,0
18.5,0.627,81.0,4,0.473,0.67,2.5,0.609,0.51,0.571,0
183.1,0.533,87.2,5,0.183,0.8,5.0,0.319,0.607,0.77,1
1.0,0.722,75.9,6,0.553,0.785,7.1,0.239,0.591,0.781,1
55.5,0.334,79.8,3,0.332,0.347,9.0,0.261,0.658,0.795,0
370.0,0.698,75.8,3,0.374,0.873,8.0,0.303,0.339,0.717,1
318.5,0.622,72.1,6,0.179,0.835,6.3,0.645,0.235,0.872,0
140.9,0.376,53.9,5,0.482,0.968,4.7,0.306,0.362,0.802,0
54.7,0.367,57.6,9,0.359,0.733,3.0,0.606,0.762,0.788,0
0.0,0.904,53.1,7,0.432,0.878,5.2,0.287,0.59,0.878,1
160.2,0.648,69.9,9,0.081,0.955,10.5,0.384,0.809,0.749,0
486.2,0.308,75.3,7,0.379,0.552,3.4,0.408,0.725,0.785,1
267.8,0.877,51.7,4,0.156,0.91,12.1,0.427,0.447,0.707,1
158.4,0.91,73.0,3,0.536,0.846,5.4,0.169,0.555,0.846,1
271.2,0.697,59.7,2,0.419,0.762,9.3,0.121,0.581,0.593,1
48.3,0.407,57.0,8,0.404,0.774,2.7,0.805,0.261,0.413,0
187.3,0.513,63.2,6,0.239,0.835,2.4,0.892,0.644,0.618,1
230.9,0.078,56.3,5,0.552,0.531,1.4,0.199,0.748,0.563,0
210.5,0.353,80.5,5,0.38,0.614,10.4,0.472,0.534,0.706,1
307.0,0.436,69.6,3,0.743,0.823,5.4,0.035,0.797,0.5,1
257.9,0.622,83.4,2,0.679,0.729,7.0,0.628,0.688,0.744,1
293.5,0.788,65.8,3,0.436,0.444,4.5,0.175,0.437,0.912,1
144.3,0.42,66.3,3,0.378,0.65,4.7,0.428,0.457,0.706,1
318.8,0.21,98.2,3,0.553,0.417,1.2,0.24,0.894,0.695,1
399.2,0.198,49.3,12,0.25,0.99,5.4,0.101,0.834,0.969,1
113.3,0.67,90.0,4,0.105,0.573,7.5,0.792,0.282,0.685,1
122.4,0.852,95.2,5,0.678,0.971,0.6,0.655,0.397,0.227,1
366.9,0.445,82.7,4,0.423,0.535,3.1,0.642,0.338,0.796,1
199.0,0.307,67.4,2,0.225,0.558,2.2,0.544,0.574,0.65,1
374.4,0.207,92.0,3,0.375,0.736,6.2,0.401,0.377,0.604,1
171.3,0.864,67.5,5,0.383,0.648,6.0,0.694,0.694,0.967,1
380.1,0.225,62.1,8,0.321,0.889,7.0,0.475,0.408,0.761,1
234.5,0.404,66.6,4,0.623,0.984,0.1,0.326,0.331,0.879,1
248.4,0.551,64.0,5,0.273,0.939,4.5,0.211,0.639,0.839,1
392.1,0.295,58.7,5,0.546,0.903,0.8,0.498,0.66,0.604,1
180.2,0.807,87.5,3,0.022,0.841,5.2,0.174,0.501,0.814,1
116.5,0.657,61.2,6,0.12,0.657,1.3,0.529,0.605,0.543,1
170.7,0.371,71.6,6,0.73,0.8,5.9,0.566,0.226,0.924,0
269.8,0.79,51.8,5,0.658,0.732,1.3,0.468,0.275,0.849,1
47.8,0.675,72.4,4,0.152,0.874,1.9,0.684,0.673,0.63,1
290.1,0.741,55.8,8,0.232,0.599,8.7,0.185,0.792,0.903,1
160.7,0.631,55.5,11,0.186,0.468,3.9,0.681,0.445,0.719,0
346.3,0.081,70.5,7,0.433,0.775,4.0,0.076,0.609,0.637,1
0.0,0.296,86.8,3,0.224,0.73,1.8,0.435,0.908,0.751,1
133.5,0.444,78.2,2,0.141,0.624,8.1,0.636,0.645,0.794,1
34.5,0.572,79.1,1,0.343,0.946,5.4,0.47,0.432,0.874,1
129.1,0.289,70.2,1,0.195,0.413,5.1,0.199,0.305,0.794,0
247.2,0.845,67.3,5,0.232,0.712,1.6,0.623,0.619,0.876,1
200.3,0.589,83.1,4,0.382,0.825,4.5,0.25,0.877,0.766,1
192.1,0.192,64.1,4,0.159,0.603,17.8,0.761,0.364,0.89,0
202.5,0.969,83.7,4,0.454,0.668,2.4,0.624,0.724,0.417,1
242.4,0.439,89.3,8,0.628,0.914,8.5,0.27,0.638,0.831,1
109.1,0.581,60.2,4,0.245,0.576,0.5,0.596,0.939,0.765,1
297.8,0.779,62.3,5,0.112,0.581,6.9,0.377,0.288,0.879,1
292.9,0.539,64.4,4,0.501,0.438,5.6,0.234,0.339,0.68,1
262.4,0.884,51.5,2,0.34,0.752,3.6,0.547,0.675,0.604,1
281.2,0.622,65.4,6,0.555,0.828,5.4,0.483,0.864,0.815,1
252.6,0.358,90.2,8,0.877,0.815,5.5,0.831,0.568,0.883,1
443.9,0.685,57.4,3,0.171,0.912,5.4,0.328,0.578,0.901,1
210.4,0.755,90.6,1,0.711,0.895,3.1,0.423,0.481,0.91,1
186.2,0.234,65.9,5,0.193,0.475,2.8,0.904,0.751,0.554,0
137.1,0.953,100.0,6,0.369,0.801,2.2,0.577,0.393,0.813,1
106.5,0.553,62.5,3,0.234,0.92,1.1,0.49,0.836,0.838,1
83.1,0.575,70.0,2,0.352,0.973,3.9,0.422,0.845,0.82,1
122.2,0.071,59.3,7,0.708,0.291,7.8,0.214,0.792,0.52,0
212.2,0.449,62.4,3,0.44,0.767,2.7,0.259,0.592,0.676,1
256.8,0.678,90.7,5,0.248,0.638,1.6,0.723,0.882,0.82,1
225.6,0.663,78.6,3,0.223,0.79,2.2,0.487,0.761,0.835,1
135.8,0.453,86.4,6,0.4,0.562,4.4,0.673,0.537,0.74,1
319.0,0.271,53.6,5,0.13,0.737,4.4,0.319,0.221,0.48,1
301.3,0.596,81.2,2,0.069,0.873,2.0,0.494,0.557,0.766,1
202.4,0.18,58.4,3,0.043,0.727,4.0,0.467,0.586,0.755,1
148.2,0.822,53.3,5,0.535,0.741,3.5,0.606,0.68,0.759,1
280.3,0.156,75.3,9,0.727,0.627,5.9,0.454,0.615,0.794,0
240.7,0.799,75.2,4,0.032,0.563,9.9,0.537,0.681,0.858,1
60.7,0.405,72.7,4,0.242,0.85,2.7,0.665,0.442,0.431,1
212.5,0.823,82.0,7,0.207,0.786,2.4,0.45,0.476,0.453,1
248.8,0.304,84.2,5,0.595,0.656,4.4,0.631,0.644,0.784,1
121.0,0.227,92.6,6,0.411,0.925,5.0,0.957,0.493,0.675,1
240.9,0.576,55.3,7,0.397,0.843,6.1,0.279,0.724,0.97,1
60.0,0.731,93.0,3,0.586,0.832,0.9,0.627,0.554,0.923,1
367.0,0.798,98.4,4,0.741,0.713,13.6,0.434,0.739,0.688,1
357.3,0.461,66.9,10,0.158,0.965,3.2,0.623,0.249,0.876,1
192.2,0.352,48.6,8,0.314,0.684,2.5,0.313,0.644,0.678,1
260.0,0.276,52.6,3,0.214,0.792,1.6,0.204,0.724,0.856,1
0.0,0.414,65.5,6,0.525,0.883,2.8,0.333,0.707,0.715,1
92.8,0.1,100.0,2,0.334,0.566,1.1,0.651,0.498,0.752,1
187.7,0.426,72.2,8,0.064,0.545,8.5,0.368,0.592,0.925,1
102.1,0.739,63.4,8,0.339,0.609,3.6,0.645,0.818,0.421,1
298.6,0.567,62.4,4,0.141,0.791,2.4,0.35,0.421,0.871,1
439.7,0.589,53.5,4,0.694,0.973,7.4,0.638,0.662,0.733,1
90.6,0.577,84.2,4,0.181,0.539,3.4,0.74,0.449,0.916,0
127.9,0.598,70.7,5,0.518,0.746,2.4,0.335,0.707,0.723,1
245.9,0.236,100.0,4,0.344,0.525,11.1,0.788,0.69,0.74,1
397.2,0.491,80.8,3,0.593,0.841,2.9,0.37,0.627,0.925,1
85.5,0.704,83.6,2,0.422,0.758,0.6,0.229,0.502,0.519,1
247.4,0.508,68.6,4,0.373,0.817,4.0,0.617,0.468,0.842,1
420.3,0.211,56.7,9,0.525,0.734,3.6,0.748,0.353,0.81,1
38.3,0.536,59.8,3,0.237,0.515,2.4,0.352,0.863,0.499,1
79.1,0.736,52.8,2,0.141,0.623,2.1,0.783,0.938,0.774,1
173.4,0.752,84.7,4,0.193,0.634,4.2,0.288,0.23,0.891,1
162.7,0.818,66.6,7,0.086,0.87,2.9,0.563,0.494,0.623,1
309.4,0.422,85.3,5,0.293,0.407,3.2,0.683,0.671,0.716,1
246.6,0.567,73.9,8,0.452,0.966,4.9,0.73,0.456,0.646,1
24.8,0.388,67.9,7,0.644,0.724,3.1,0.436,0.68,0.641,0
276.7,0.526,55.6,7,0.686,0.703,2.5,0.286,0.647,0.785,1
156.5,0.933,76.2,7,0.446,0.721,6.2,0.191,0.209,0.729,1
360.2,0.796,68.9,4,0.284,0.598,2.9,0.185,0.377,0.661,0
151.0,0.894,84.6,2,0.618,0.884,2.4,0.584,0.86,0.561,1
150.0,0.22,62.0,5,0.108,0.921,1.3,0.776,0.672,0.781,1
279.5,0.244,80.6,5,0.227,0.715,2.0,0.661,0.628,0.87,1
303.9,0.707,95.0,3,0.166,0.877,1.5,0.31,0.752,0.919,1
269.3,0.734,75.8,4,0.248,0.57,1.2,0.197,0.727,0.731,1
34.6,0.794,83.0,5,0.524,0.453,2.2,0.521,0.489,0.745,1
279.2,0.925,80.0,1,0.14,0.414,5.0,0.388,0.69,0.743,1
106.2,0.553,98.6,5,0.153,0.638,3.9,0.469,0.414,0.737,1
245.9,0.382,77.2,6,0.068,0.605,3.1,0.493,0.509,0.617,0
63.4,0.423,81.8,3,0.34,0.817,5.4,0.363,0.633,0.907,1
269.1,0.939,71.5,4,0.236,0.543,2.6,0.128,0.468,0.927,1
131.3,0.775,61.2,2,0.471,0.922,4.7,0.548,0.781,0.66,1
78.9,0.879,55.1,4,0.166,0.478,6.0,0.324,0.414,0.695,1
298.5,0.115,89.7,2,0.754,0.889,0.6,0.517,0.767,0.608,1
246.6,0.841,57.9,4,0.472,0.783,3.8,0.478,0.587,0.729,1
152.5,0.236,82.4,1,0.789,0.793,5.2,0.462,0.899,0.738,1
379.6,0.681,77.8,5,0.669,0.313,4.9,0.318,0.742,0.899,1
171.5,0.588,84.8,1,0.132,0.869,4.0,0.86,0.315,0.73,1
223.5,0.242,64.8,2,0.589,0.844,2.7,0.398,0.341,0.686,0
249.6,0.664,60.9,1,0.111,0.791,3.3,0.572,0.727,0.811,1
151.8,0.381,77.3,3,0.259,0.847,8.8,0.529,0.594,0.562,1
271.8,0.409,67.9,5,0.19,0.702,0.8,0.421,0.458,0.844,1
161.3,0.377,54.8,1,0.445,0.966,2.2,0.508,0.405,0.831,1
174.7,0.315,99.1,9,0.497,0.575,3.9,0.826,0.691,0.903,1
369.9,0.717,60.9,2,0.135,0.34,1.2,0.087,0.543,0.781,1
105.5,0.68,58.1,3,0.145,0.915,3.2,0.401,0.782,0.328,1
0.0,0.512,68.6,4,0.565,0.473,6.2,0.055,0.408,0.92,1
397.2,0.306,89.5,7,0.493,0.83,5.6,0.48,0.433,0.377,1
500.4,0.423,41.7,7,0.766,0.949,3.8,0.717,0.221,0.957,1
175.4,0.81,88.4,1,0.229,0.51,4.3,0.424,0.434,0.677,1
6.9,0.442,59.2,3,0.285,0.669,0.3,0.554,0.51,0.914,1
185.8,0.675,75.7,7,0.251,0.87,1.6,0.741,0.577,0.892,1
188.5,0.482,62.5,7,0.128,0.928,2.4,0.858,0.497,0.916,0
199.1,0.283,99.9,5,0.293,0.599,3.0,0.346,0.961,0.939,1
97.5,0.469,73.7,5,0.233,0.646,6.4,0.615,0.626,0.896,0
283.8,0.276,62.1,7,0.163,0.746,11.5,0.349,0.871,0.757,1
277.7,0.484,67.8,3,0.403,0.96,3.3,0.257,0.507,0.61,1
55.6,0.684,73.3,8,0.095,0.647,3.2,0.185,0.916,0.331,1
296.9,0.719,74.5,4,0.255,0.821,3.8,0.849,0.553,0.731,1
445.8,0.71,78.1,5,0.419,0.742,2.1,0.63,0.456,0.936,1
238.9,0.209,72.0,4,0.863,0.767,9.5,0.676,0.672,0.7,1
182.9,0.38,52.7,6,0.238,0.618,1.9,0.344,0.54,0.854,1
204.4,0.118,67.2,5,0.062,0.831,2.0,0.802,0.847,0.709,1
287.7,0.789,80.5,4,0.522,0.76,2.5,0.298,0.213,0.881,1
29.6,0.371,62.6,3,0.215,0.817,10.4,0.607,0.727,0.817,1
238.1,0.578,81.4,3,0.548,0.696,5.1,0.385,0.906,0.662,1
177.0,0.512,72.4,6,0.668,0.443,3.8,0.392,0.952,0.635,0
423.3,0.622,69.0,2,0.115,0.766,3.1,0.126,0.553,0.388,1
200.8,0.468,88.7,6,0.269,0.939,3.6,0.808,0.887,0.778,1
403.5,0.689,47.7,0,0.713,0.972,1.6,0.506,0.858,0.879,1
98.6,0.589,62.5,3,0.235,0.68,0.5,0.201,0.081,0.367,1
284.6,0.432,89.3,4,0.418,0.128,6.8,0.608,0.676,0.875,1
255.1,0.293,97.6,7,0.378,0.786,1.4,0.32,0.215,0.794,1
124.4,0.534,100.0,1,0.324,0.977,9.3,0.284,0.806,0.722,1
239.5,0.765,72.7,4,0.274,0.689,5.2,0.821,0.666,0.785,1
353.4,0.389,78.4,4,0.258,0.77,3.3,0.292,0.31,0.768,1
184.4,0.592,83.4,5,0.304,0.586,4.9,0.375,0.629,0.918,1
33.9,0.148,89.9,0,0.256,0.451,4.1,0.296,0.529,0.913,0
218.1,0.566,76.4,1,0.269,0.251,3.6,0.476,0.459,0.6,1
120.7,0.354,85.0,3,0.425,0.396,3.8,0.301,0.581,0.861,1
182.3,0.93,78.4,5,0.477,0.917,6.9,0.564,0.359,0.476,1
211.0,0.176,79.3,3,0.058,0.971,5.0,0.3,0.544,0.943,1
32.4,0.778,59.1,5,0.615,0.727,3.4,0.512,0.617,0.447,1
42.3,0.154,67.4,5,0.496,0.527,6.1,0.516,0.65,0.853,1
273.0,0.675,64.7,2,0.094,0.84,10.0,0.673,0.63,0.818,1
162.5,0.656,55.4,3,0.26,0.601,3.4,0.564,0.326,0.823,1
0.0,0.556,48.9,3,0.461,0.893,2.3,0.591,0.247,0.625,1
306.3,0.633,66.1,5,0.635,0.84,6.4,0.768,0.803,0.552,1
250.0,0.185,68.3,4,0.062,0.238,3.4,0.46,0.829,0.467,1
141.5,0.539,73.5,3,0.336,0.848,7.7,0.231,0.333,0.453,0
75.1,0.161,79.8,10,0.354,0.841,1.6,0.429,0.716,0.698,1
311.9,0.363,74.6,1,0.7,0.746,2.7,0.473,0.258,0.562,1
258.4,0.386,68.4,9,0.546,0.631,12.0,0.377,0.67,0.91,1
482.1,0.725,59.2,2,0.268,0.51,2.6,0.7,0.452,0.711,1
266.2,0.395,84.3,4,0.274,0.856,7.9,0.556,0.686,0.605,1
262.6,0.209,70.6,6,0.057,0.635,2.2,0.285,0.667,0.569,1
201.6,0.43,65.9,3,0.378,0.965,6.1,0.076,0.51,0.678,0
309.8,0.893,69.4,4,0.579,0.818,1.9,0.773,0.365,0.72,1
288.8,0.373,61.7,5,0.289,0.409,6.5,0.645,0.745,0.683,1
357.7,0.583,64.6,2,0.4,0.909,3.1,0.293,0.569,0.793,1
162.7,0.905,64.1,3,0.627,0.922,2.7,0.82,0.298,0.844,1
172.1,0.976,68.0,11,0.254,0.715,3.2,0.517,0.26,0.583,1
167.3,0.802,81.2,4,0.35,0.789,3.9,0.531,0.99,0.703,1
307.0,0.929,77.7,9,0.048,0.726,4.4,0.268,0.684,0.452,1
384.8,0.576,93.7,4,0.841,0.588,1.5,0.565,0.337,0.727,1
169.5,0.936,89.0,3,0.024,0.761,4.7,0.936,0.389,0.637,1
173.3,0.341,99.4,7,0.229,0.58,1.2,0.885,0.228,0.765,0
254.5,0.857,79.8,6,0.047,0.841,7.2,0.432,0.442,0.843,1
193.0,0.33,79.6,7,0.394,0.84,5.0,0.404,0.56,0.812,1
324.7,0.897,65.2,4,0.706,0.632,5.0,0.447,0.483,0.978,1
0.0,0.6,83.6,3,0.572,0.701,6.5,0.409,0.212,0.786,0
129.1,0.333,62.8,6,0.436,0.853,5.1,0.915,0.771,0.815,0
133.9,0.2,51.4,4,0.558,0.888,10.3,0.394,0.092,0.83,0
0.0,0.355,93.4,4,0.495,0.725,1.9,0.324,0.88,0.677,1
114.0,0.771,54.5,3,0.253,0.663,1.4,0.691,0.41,0.922,1
119.3,0.447,78.1,7,0.883,0.946,10.5,0.552,0.72,0.468,1
197.9,0.239,59.7,6,0.361,0.889,5.1,0.744,0.571,0.826,1
342.4,0.702,87.8,7,0.217,0.699,5.5,0.746,0.445,0.591,1
193.0,0.908,89.7,3,0.364,0.66,1.8,0.477,0.387,0.391,1
106.6,0.342,79.4,12,0.141,0.86,5.3,0.916,0.325,0.485,1
213.7,0.716,89.4,2,0.368,0.899,3.6,0.792,0.963,0.898,1
335.4,0.189,72.1,3,0.769,0.885,6.0,0.808,0.355,0.478,0
112.6,0.514,100.0,5,0.214,0.841,4.0,0.574,0.932,0.694,1
119.8,0.523,82.4,3,0.158,0.96,3.6,0.807,0.144,0.713,1
281.4,0.457,59.4,3,0.812,0.726,4.1,0.157,0.123,0.568,1
195.6,0.089,73.0,1,0.122,0.544,2.5,0.213,0.569,0.762,1
291.2,0.738,69.9,8,0.402,0.502,2.9,0.537,0.684,0.907,1
218.5,0.63,68.5,2,0.147,0.565,8.1,0.401,0.265,0.951,1
297.2,0.707,48.8,4,0.525,0.899,5.4,0.567,0.623,0.559,0
106.1,0.448,77.4,8,0.181,0.808,3.4,0.47,0.571,0.741,1
218.7,0.608,52.6,4,0.04,0.966,5.3,0.212,0.834,0.759,1
196.8,0.474,36.6,1,0.281,0.887,4.8,0.241,0.62,0.58,1
86.3,0.813,67.2,9,0.062,0.848,2.9,0.792,0.815,0.376,1
48.0,0.487,61.4,4,0.267,0.835,2.5,0.221,0.869,0.616,1
295.4,0.883,59.9,8,0.097,0.909,2.9,0.654,0.697,0.855,1
181.4,0.605,28.6,4,0.309,0.416,7.4,0.484,0.638,0.421,1
107.5,0.417,60.1,7,0.028,0.985,3.4,0.588,0.411,0.864,1
209.4,0.556,69.6,4,0.568,0.508,8.0,0.684,0.221,0.849,1
344.1,0.393,63.1,7,0.262,0.887,2.7,0.483,0.819,0.701,1
0.0,0.561,77.4,4,0.678,0.83,2.2,0.804,0.75,0.846,0
55.4,0.406,91.5,5,0.581,0.894,3.5,0.543,0.803,0.79,1
118.5,0.459,79.2,2,0.558,0.581,4.6,0.27,0.606,0.584,1
380.7,0.684,86.4,7,0.481,0.593,4.1,0.64,0.488,0.769,1
251.1,0.574,87.5,3,0.281,0.736,5.0,0.553,0.719,0.669,1
304.4,0.602,57.7,4,0.336,0.752,5.1,0.676,0.377,0.824,1
94.6,0.777,78.1,5,0.355,0.971,5.9,0.628,0.802,0.545,1
96.9,0.405,85.9,5,0.504,0.409,1.8,0.862,0.94,0.626,0
269.3,0.557,65.9,5,0.686,0.499,2.5,0.671,0.323,0.689,1
226.4,0.483,60.9,2,0.559,0.759,4.2,0.573,0.667,0.737,0
280.4,0.166,79.4,2,0.457,0.731,2.9,0.195,0.473,0.652,0
199.4,0.316,51.3,7,0.628,0.937,3.6,0.493,0.776,0.445,0
250.6,0.559,56.8,5,0.762,0.672,3.9,0.224,0.7,0.63,1
237.4,0.855,62.7,5,0.068,0.826,3.3,0.726,0.621,0.706,1
305.6,0.286,78.3,1,0.127,0.87,2.9,0.729,0.389,0.805,1
308.8,0.114,75.1,2,0.482,0.778,2.1,0.243,0.84,0.941,1
41.8,0.599,86.5,1,0.588,0.961,3.4,0.599,0.808,0.897,1
0.0,0.952,59.1,1,0.332,0.706,2.8,0.277,0.436,0.84,1
330.2,0.722,58.3,4,0.741,0.905,6.3,0.764,0.775,0.936,1
350.6,0.33,79.3,4,0.115,0.813,5.5,0.68,0.837,0.541,1
107.7,0.49,60.8,6,0.742,0.951,1.8,0.36,0.837,0.515,0
15.4,0.376,63.6,6,0.143,0.518,9.5,0.568,0.584,0.859,1
230.9,0.672,46.0,6,0.162,0.709,2.9,0.652,0.864,0.748,1
322.4,0.805,76.1,7,0.313,0.717,1.4,0.56,0.376,0.324,0
417.7,0.622,93.6,7,0.348,0.853,2.6,0.255,0.698,0.796,1
276.8,0.971,57.6,4,0.095,0.601,1.2,0.553,0.627,0.471,1
179.1,0.494,86.3,5,0.26,0.595,1.4,0.284,0.419,0.688,1
121.8,0.793,71.2,7,0.442,0.805,16.3,0.589,0.326,0.734,0
221.3,0.559,47.3,2,0.765,0.788,6.1,0.603,0.248,0.446,1
187.1,0.441,59.5,3,0.627,0.467,1.6,0.106,0.443,0.52,0
108.3,0.391,58.6,5,0.254,0.871,1.0,0.573,0.449,0.68,0
445.4,0.134,67.6,3,0.343,0.893,3.5,0.3,0.597,0.827,1
416.4,0.228,77.9,4,0.628,0.88,0.9,0.409,0.362,0.718,1
345.0,0.734,97.9,6,0.435,0.677,3.4,0.171,0.246,0.359,1
118.7,0.819,52.0,5,0.216,0.8,4.8,0.863,0.603,0.686,1
314.1,0.419,65.2,5,0.313,0.669,5.1,0.479,0.479,0.606,1
290.4,0.374,59.5,4,0.69,0.43,1.6,0.79,0.346,0.912,0
268.7,0.568,54.2,0,0.181,0.741,4.4,0.596,0.28,0.722,1
357.5,0.142,73.3,7,0.657,0.696,7.2,0.386,0.84,0.976,1
289.9,0.178,72.0,5,0.472,0.944,3.0,0.439,0.434,0.647,1
301.4,0.551,46.6,5,0.126,0.794,1.6,0.273,0.276,0.82,1
290.1,0.433,72.3,9,0.273,0.71,2.9,0.408,0.553,0.811,1
257.5,0.758,55.1,3,0.626,0.378,1.8,0.752,0.457,0.779,1
23.8,0.629,72.2,1,0.538,0.695,19.2,0.6,0.369,0.903,0
229.2,0.569,89.8,5,0.379,0.636,6.4,0.186,0.73,0.826,1
158.8,0.682,78.5,0,0.281,0.238,5.6,0.091,0.861,0.828,1
79.2,0.578,74.5,2,0.474,0.687,1.0,0.536,0.639,0.742,0
405.0,0.67,64.6,7,0.045,0.905,3.1,0.407,0.815,0.657,1
410.2,0.529,72.9,2,0.649,0.796,2.7,0.338,0.927,0.714,1
369.5,0.33,79.9,5,0.7,0.927,2.3,0.315,0.506,0.868,0
248.1,0.223,78.5,6,0.299,0.924,7.8,0.196,0.471,0.679,0
368.6,0.762,70.6,7,0.475,0.888,14.1,0.786,0.704,0.63,1
221.3,0.407,75.0,7,0.14,0.104,2.3,0.207,0.49,0.811,1
242.3,0.541,53.6,4,0.565,0.557,0.6,0.653,0.388,0.786,1
99.7,0.621,61.7,5,0.135,0.686,2.4,0.655,0.653,0.7,1
263.7,0.664,81.9,2,0.422,0.806,7.6,0.5,0.261,0.8,1
226.6,0.787,83.8,9,0.159,0.873,6.4,0.174,0.494,0.767,1
76.7,0.501,73.3,5,0.562,0.995,3.8,0.778,0.742,0.82,1
214.4,0.38,92.7,4,0.637,0.496,5.5,0.796,0.362,0.508,1
211.2,0.677,79.1,4,0.215,0.566,2.9,0.154,0.302,0.688,1
417.7,0.363,68.7,11,0.542,0.61,2.3,0.672,0.53,0.824,1
318.4,0.765,54.9,5,0.204,0.538,1.9,0.168,0.604,0.714,1
221.3,0.569,92.1,2,0.139,0.803,3.7,0.274,0.459,0.782,1
247.4,0.368,82.8,2,0.512,0.67,2.5,0.428,0.568,0.372,1
224.9,0.493,97.2,3,0.454,0.679,1.7,0.501,0.371,0.81,1
197.7,0.79,100.0,4,0.254,0.923,4.2,0.324,0.3,0.877,1
100.9,0.219,54.0,2,0.212,0.773,2.7,0.433,0.617,0.794,0
203.4,0.123,54.0,4,0.149,0.615,7.7,0.418,0.763,0.908,1
137.9,0.423,31.9,5,0.519,0.708,4.8,0.452,0.156,0.624,0
82.5,0.595,84.9,3,0.59,0.45,11.5,0.291,0.441,0.498,0
276.2,0.675,81.2,3,0.379,0.6,5.1,0.477,0.776,0.601,1
263.0,0.323,73.4,6,0.231,0.808,3.5,0.477,0.337,0.935,1
23.5,0.24,54.8,3,0.246,0.575,6.9,0.612,0.71,0.902,0
206.5,0.399,70.8,6,0.209,0.151,10.6,0.619,0.462,0.952,0
329.5,0.082,74.6,2,0.299,0.498,0.8,0.698,0.721,0.656,1
336.5,0.32,83.0,1,0.5,0.645,7.0,0.06,0.649,0.65,1
332.8,0.814,75.8,9,0.261,0.359,3.7,0.865,0.141,0.808,1
224.3,0.733,81.3,7,0.306,0.876,5.2,0.804,0.588,0.952,1
127.0,0.817,70.3,2,0.208,0.887,11.2,0.285,0.567,0.716,1
100.8,0.742,88.5,4,0.034,0.677,3.9,0.824,0.537,0.942,1
257.9,0.312,80.8,2,0.226,0.884,1.6,0.235,0.638,0.672,1
261.7,0.814,55.4,4,0.757,0.666,1.1,0.217,0.31,0.745,1
361.6,0.58,91.4,2,0.128,0.581,11.0,0.257,0.557,0.832,1
341.0,0.394,89.2,7,0.373,0.701,4.7,0.603,0.458,0.609,1
205.5,0.76,78.5,5,0.192,0.747,3.9,0.417,0.438,0.857,1
83.1,0.57,75.9,2,0.343,0.621,10.1,0.654,0.706,0.857,0
184.9,0.426,95.2,4,0.083,0.431,2.2,0.382,0.716,0.689,1
243.9,0.574,49.1,2,0.358,0.822,2.2,0.175,0.183,0.853,1
197.8,0.754,89.4,6,0.631,0.858,12.4,0.491,0.492,0.73,1
156.4,0.803,65.3,4,0.164,0.544,1.9,0.745,0.304,0.929,0
247.8,0.882,87.3,7,0.304,0.741,1.3,0.584,0.655,0.803,1
164.6,0.828,73.7,4,0.372,0.663,12.2,0.253,0.671,0.78,1
150.9,0.674,54.6,4,0.142,0.622,6.8,0.265,0.379,0.486,0
254.3,0.585,65.0,3,0.128,0.759,3.7,0.194,0.752,0.519,1
175.8,0.519,86.3,4,0.146,0.959,16.2,0.73,0.215,0.785,1
246.9,0.486,69.1,6,0.33,0.687,2.6,0.528,0.391,0.811,1
250.1,0.472,63.3,7,0.08,0.74,5.9,0.274,0.35,0.666,1
94.7,0.671,63.2,7,0.701,0.454,5.4,0.304,0.275,0.873,0
167.1,0.507,81.0,1,0.463,0.787,10.3,0.1,0.561,0.951,1
378.2,0.538,96.5,5,0.622,0.795,2.1,0.563,0.652,0.733,0
92.2,0.393,42.0,7,0.576,0.36,12.2,0.409,0.961,0.663,0
0.0,0.687,100.0,1,0.169,0.874,15.1,0.728,0.454,0.94,1
15.2,0.81,74.9,7,0.483,0.311,9.1,0.732,0.596,0.641,1
223.2,0.172,80.1,4,0.346,0.799,2.3,0.701,0.423,0.419,1
223.4,0.805,65.9,6,0.386,0.554,4.6,0.268,0.244,0.823,0
207.1,0.947,72.0,2,0.368,0.995,5.4,0.222,0.654,0.935,1
353.6,0.638,74.7,1,0.49,0.452,5.3,0.36,0.57,0.828,1
0.0,0.797,57.3,4,0.764,0.65,1.1,0.739,0.836,0.854,1
263.6,0.711,60.7,4,0.682,0.854,6.4,0.895,0.89,0.955,1
391.8,0.523,88.6,5,0.092,0.865,4.9,0.391,0.191,0.865,1
95.9,0.357,50.3,3,0.331,0.875,3.6,0.158,0.681,0.888,1
178.2,0.795,78.2,7,0.548,0.375,3.8,0.465,0.803,0.796,1
137.2,0.173,66.8,3,0.36,0.781,16.6,0.598,0.286,0.815,0
121.6,0.778,58.6,4,0.176,0.418,9.2,0.806,0.782,0.475,0
184.1,0.834,99.6,8,0.541,0.621,0.9,0.179,0.353,0.857,0
377.0,0.501,58.6,1,0.553,0.86,3.6,0.721,0.765,0.541,0
422.1,0.301,56.2,3,0.636,0.8,8.1,0.753,0.332,0.844,0
183.0,0.647,69.4,4,0.297,0.674,9.4,0.173,0.275,0.456,1
429.6,0.67,61.2,1,0.679,0.804,5.2,0.596,0.366,0.951,1
223.9,0.638,72.1,7,0.3,0.893,1.7,0.169,0.691,0.939,1
412.9,0.154,74.2,6,0.197,0.973,1.5,0.674,0.319,0.902,1
209.7,0.801,75.3,6,0.873,0.887,6.3,0.78,0.406,0.93,1
234.4,0.457,70.3,4,0.363,0.831,3.0,0.257,0.892,0.679,1
260.2,0.74,62.2,4,0.026,0.912,1.9,0.194,0.631,0.808,1
569.7,0.107,81.0,6,0.181,0.665,0.4,0.583,0.133,0.773,1
313.6,0.188,70.4,8,0.276,0.588,1.2,0.619,0.87,0.797,1
142.2,0.268,65.1,5,0.397,0.932,4.8,0.419,0.184,0.795,0
326.6,0.792,92.7,2,0.244,0.737,3.4,0.429,0.482,0.951,1
180.2,0.838,70.3,4,0.534,0.715,10.0,0.664,0.307,0.732,0
166.1,0.166,87.3,4,0.636,0.556,1.4,0.335,0.756,0.442,0
319.9,0.655,89.2,11,0.711,0.725,2.3,0.745,0.661,0.939,1
223.4,0.859,90.0,4,0.509,0.657,2.7,0.183,0.928,0.849,1
250.6,0.1,81.7,6,0.235,0.848,4.5,0.666,0.488,0.582,1
221.5,0.804,72.0,5,0.353,0.929,2.7,0.39,0.693,0.773,1
257.0,0.053,71.1,4,0.311,0.767,2.1,0.607,0.689,0.703,1
266.7,0.498,68.6,8,0.716,0.706,5.2,0.327,0.702,0.575,1
6.9,0.417,41.7,5,0.386,0.577,4.3,0.471,0.227,0.835,0
293.3,0.454,82.1,1,0.152,0.512,7.0,0.017,0.321,0.215,1
112.0,0.575,75.4,2,0.26,0.683,3.3,0.575,0.253,0.782,1
61.3,0.732,83.6,5,0.422,0.273,8.8,0.252,0.496,0.988,0
213.6,0.838,70.4,5,0.217,0.413,2.0,0.512,0.887,0.724,1
229.2,0.742,81.3,3,0.17,0.959,6.3,0.835,0.696,0.653,1
143.7,0.53,52.7,5,0.222,0.727,7.4,0.174,0.763,0.77,1
311.4,0.277,55.6,5,0.235,0.954,0.5,0.262,0.202,0.52,1
72.4,0.492,37.3,3,0.259,0.862,6.4,0.606,0.747,0.756,0
175.2,0.285,70.1,4,0.513,0.755,3.7,0.244,0.617,0.595,1
155.7,0.643,61.2,4,0.152,0.331,4.5,0.607,0.457,0.894,1
214.9,0.202,59.4,4,0.467,0.569,9.9,0.436,0.594,0.886,1
250.7,0.499,76.7,6,0.313,0.823,3.9,0.046,0.704,0.648,1
109.1,0.372,66.0,3,0.475,0.836,1.8,0.657,0.271,0.702,0
299.7,0.712,51.9,3,0.727,0.735,6.1,0.447,0.627,0.735,1
226.9,0.878,100.0,1,0.489,0.739,3.5,0.401,0.322,0.604,1
11.9,0.589,71.5,3,0.202,0.922,4.0,0.482,0.332,0.358,0
4.6,0.417,56.8,10,0.429,0.617,3.7,0.587,0.916,0.554,0
218.6,0.842,62.6,3,0.318,0.728,6.8,0.164,0.557,0.63,1
195.7,0.596,69.6,7,0.435,0.946,5.2,0.677,0.712,0.677,0
208.6,0.354,69.5,1,0.121,0.788,4.0,0.321,0.832,0.909,1
216.9,0.371,90.2,3,0.178,0.448,5.0,0.408,0.342,0.776,1
244.8,0.44,70.9,5,0.678,0.547,1.9,0.567,0.894,0.736,1
324.2,0.683,98.0,5,0.277,0.725,6.4,0.876,0.601,0.976,1
97.8,0.487,65.9,2,0.143,0.775,5.3,0.179,0.757,0.967,1
91.1,0.309,78.0,8,0.63,0.874,10.7,0.427,0.406,0.712,0
99.7,0.525,86.3,4,0.243,0.795,2.6,0.767,0.907,0.666,1
251.8,0.851,88.7,3,0.241,0.532,2.6,0.019,0.626,0.415,1
356.9,0.747,90.4,0,0.249,0.359,4.7,0.352,0.823,0.631,1
172.6,0.553,68.2,4,0.557,0.557,3.9,0.516,0.504,0.746,1
0.0,0.656,71.9,1,0.191,0.398,1.8,0.355,0.812,0.774,1
32.6,0.744,37.3,2,0.188,0.655,1.6,0.407,0.781,0.582,1
128.4,0.469,69.3,4,0.074,0.842,8.5,0.624,0.088,0.812,1
158.6,0.552,87.3,4,0.467,0.848,2.4,0.69,0.621,0.742,1
175.1,0.646,84.6,4,0.27,0.816,3.3,0.373,0.732,0.964,1
224.2,0.828,70.8,5,0.327,0.534,1.4,0.275,0.812,0.654,1
185.7,0.916,95.8,5,0.185,0.796,15.2,0.19,0.943,0.878,1
335.4,0.139,66.6,7,0.246,0.697,2.5,0.551,0.168,0.742,1
145.6,0.38,62.0,7,0.184,0.923,3.6,0.744,0.446,0.402,1
125.1,0.36,65.4,2,0.382,0.385,1.1,0.14,0.778,0.613,1
272.7,0.789,56.3,5,0.33,0.668,4.5,0.306,0.825,0.884,1
51.1,0.739,80.7,5,0.125,0.891,12.6,0.337,0.688,0.583,1
262.9,0.584,76.0,4,0.747,0.951,1.6,0.704,0.875,0.944,1
231.3,0.7,80.5,2,0.462,0.905,4.7,0.545,0.293,0.81,1
203.8,0.672,66.2,4,0.515,0.886,2.9,0.444,0.316,0.672,1
394.7,0.77,71.2,9,0.422,0.652,4.1,0.536,0.26,0.856,1
151.6,0.746,41.5,1,0.116,0.501,3.1,0.406,0.053,0.633,1
446.6,0.856,77.3,0,0.169,0.83,1.4,0.228,0.696,0.904,1
195.2,0.745,73.4,1,0.027,0.824,5.0,0.514,0.476,0.759,1
79.5,0.707,56.6,5,0.248,0.894,7.1,0.717,0.308,0.81,1
227.7,0.64,70.5,9,0.537,0.819,3.0,0.531,0.566,0.919,1
101.6,0.579,68.4,3,0.751,0.466,8.4,0.726,0.688,0.412,1
137.3,0.582,96.7,8,0.126,0.852,8.5,0.701,0.757,0.9,1
263.7,0.629,57.1,5,0.171,0.768,7.1,0.562,0.28,0.762,0
281.1,0.828,76.6,5,0.28,0.595,1.8,0.712,0.445,0.579,1
151.6,0.709,56.7,4,0.581,0.765,6.0,0.557,0.6,0.688,0
328.6,0.411,64.2,2,0.397,0.935,5.5,0.551,0.363,0.929,0
347.3,0.088,75.9,2,0.165,0.536,2.1,0.603,0.922,0.885,1
378.0,0.503,69.0,6,0.464,0.784,2.8,0.262,0.791,0.733,1
278.2,0.785,71.9,3,0.608,0.419,4.1,0.828,0.703,0.811,1
370.0,0.824,76.7,3,0.718,0.747,2.7,0.368,0.683,0.677,1
13.1,0.543,65.1,4,0.725,0.288,3.7,0.186,0.387,0.968,0
185.0,0.318,84.4,3,0.174,0.408,11.0,0.856,0.482,0.982,1
124.6,0.439,67.7,7,0.465,0.889,2.2,0.262,0.802,0.591,1
233.1,0.785,70.6,4,0.118,0.949,2.1,0.483,0.36,0.706,1
157.1,0.525,77.1,9,0.325,0.617,8.1,0.136,0.491,0.944,1
201.7,0.673,75.2,5,0.066,0.949,4.3,0.26,0.869,0.897,1
427.0,0.514,81.0,3,0.291,0.629,4.6,0.51,0.659,0.828,1
201.3,0.323,76.4,2,0.931,0.964,3.4,0.855,0.441,0.933,1
265.5,0.702,78.6,6,0.439,0.844,3.4,0.517,0.689,0.655,1
194.5,0.449,67.4,5,0.431,0.624,3.8,0.431,0.184,0.878,1
228.3,0.064,57.0,2,0.533,0.312,4.6,0.869,0.863,0.712,0
220.7,0.359,52.0,4,0.544,0.672,7.0,0.682,0.925,0.918,1
269.3,0.434,48.6,5,0.262,0.552,1.9,0.177,0.675,0.449,1
348.2,0.757,96.7,7,0.1,0.929,2.3,0.35,0.752,0.64,1
401.2,0.366,41.0,5,0.231,0.88,8.2,0.494,0.509,0.67,1
254.1,0.767,88.7,6,0.136,0.797,4.4,0.89,0.547,0.662,1
284.9,0.311,60.5,3,0.281,0.779,3.1,0.123,0.98,0.925,1
93.4,0.505,88.6,5,0.397,0.924,5.1,0.157,0.603,0.279,1
210.3,0.811,41.2,6,0.076,0.698,2.7,0.252,0.2,0.875,1
323.4,0.644,68.7,6,0.483,0.7,7.9,0.348,0.981,0.837,1
315.3,0.656,92.4,4,0.244,0.663,2.4,0.471,0.639,0.929,1
243.3,0.579,82.0,7,0.205,0.596,2.7,0.33,0.948,0.877,1
317.5,0.545,67.3,2,0.407,0.554,3.0,0.328,0.649,0.893,1
274.0,0.64,44.8,6,0.168,0.823,5.6,0.765,0.578,0.858,1
352.0,0.487,53.5,2,0.272,0.596,8.5,0.325,0.733,0.678,1
251.8,0.159,91.4,2,0.227,0.198,6.0,0.144,0.751,0.69,1
180.9,0.394,67.1,6,0.307,0.804,7.1,0.306,0.743,0.724,1
256.9,0.522,71.0,1,0.267,0.578,1.1,0.421,0.285,0.877,1
0.0,0.613,76.0,6,0.572,0.909,1.1,0.383,0.555,0.856,1
262.1,0.644,53.8,4,0.185,0.72,1.4,0.558,0.815,0.8,1
0.0,0.314,77.7,5,0.357,0.196,3.9,0.559,0.553,0.45,0
30.4,0.411,66.1,5,0.304,0.894,2.9,0.247,0.064,0.829,0
269.7,0.591,76.1,4,0.335,0.733,1.4,0.615,0.662,0.634,1
272.5,0.61,63.9,3,0.496,0.667,0.2,0.182,0.473,0.59,1
92.1,0.711,50.0,1,0.199,0.751,5.8,0.7,0.772,0.804,1
141.7,0.61,66.0,0,0.112,0.675,9.4,0.482,0.174,0.618,0
370.8,0.799,81.0,3,0.289,0.843,7.2,0.447,0.743,0.697,1
166.8,0.2,77.5,2,0.218,0.581,3.7,0.545,0.549,0.483,1
466.7,0.351,72.4,6,0.351,0.789,4.7,0.245,0.451,0.745,1
219.8,0.561,84.6,1,0.138,0.946,2.4,0.318,0.614,0.659,1
264.9,0.48,69.1,1,0.221,0.812,4.0,0.39,0.251,0.794,1
397.9,0.736,72.8,4,0.443,0.835,3.8,0.206,0.924,0.645,1
234.4,0.297,65.3,2,0.386,0.653,5.3,0.194,0.662,0.633,1
109.7,0.507,85.4,5,0.08,0.957,2.3,0.382,0.423,0.822,0
207.9,0.709,76.1,2,0.315,0.214,14.9,0.852,0.352,0.524,0
216.1,0.826,64.2,2,0.315,0.681,1.6,0.481,0.618,0.8,1
69.9,0.81,51.2,3,0.048,0.458,4.7,0.183,0.38,0.93,1
191.9,0.328,87.5,5,0.457,0.857,6.4,0.675,0.545,0.836,1
138.4,0.529,61.6,5,0.039,0.877,1.7,0.515,0.613,0.744,1
321.7,0.394,73.0,3,0.237,0.765,1.0,0.318,0.411,0.816,1
223.8,0.441,100.0,5,0.226,0.539,6.5,0.711,0.348,0.714,1
188.9,0.598,83.2,5,0.252,0.665,15.1,0.146,0.653,0.693,1
208.3,0.796,94.6,1,0.853,0.587,0.7,0.22,0.845,0.579,1
244.5,0.772,64.5,2,0.285,0.517,15.0,0.731,0.231,0.654,1
287.8,0.84,87.0,3,0.375,0.37,6.7,0.714,0.349,0.96,1
110.0,0.722,72.4,5,0.205,0.741,3.9,0.572,0.394,0.537,1
105.4,0.503,77.1,6,0.492,0.51,7.2,0.449,0.436,0.624,1
341.5,0.635,100.0,6,0.222,0.691,8.7,0.746,0.613,0.727,1
174.6,0.45,68.1,7,0.91,0.385,3.5,0.561,0.557,0.499,0
64.1,0.923,72.3,6,0.342,0.658,17.9,0.405,0.84,0.874,0
268.8,0.587,59.4,5,0.309,0.709,14.8,0.526,0.878,0.73,1
271.0,0.785,84.4,4,0.859,0.735,2.6,0.39,0.198,0.804,1
51.6,0.834,64.2,4,0.089,0.532,5.0,0.41,0.465,0.943,0
245.2,0.748,86.3,10,0.373,0.876,1.6,0.51,0.715,0.743,1
300.9,0.337,48.9,3,0.076,0.436,1.3,0.469,0.557,0.704,1
261.2,0.455,79.7,8,0.59,0.909,3.2,0.542,0.584,0.16,1
289.5,0.516,63.0,7,0.332,0.467,4.9,0.427,0.692,0.72,1
65.5,0.278,82.2,4,0.404,0.661,2.0,0.466,0.734,0.752,1
256.4,0.489,71.8,3,0.406,0.777,7.1,0.663,0.23,0.751,1
186.7,0.739,64.5,3,0.466,0.555,5.2,0.095,0.454,0.9,1
166.9,0.656,66.6,4,0.245,0.425,4.2,0.522,0.415,0.574,1
315.8,0.106,60.1,4,0.073,0.747,2.3,0.059,0.57,0.731,1
382.7,0.537,83.7,8,0.095,0.873,2.5,0.588,0.483,0.803,1
417.4,0.811,57.3,5,0.45,0.778,3.3,0.259,0.759,0.845,1
364.6,0.232,68.3,4,0.246,0.778,2.6,0.765,0.501,0.347,1
207.9,0.579,76.8,7,0.622,0.759,3.1,0.689,0.9,0.742,1
258.8,0.724,94.6,7,0.36,0.581,2.3,0.655,0.788,0.72,1
304.4,0.474,71.9,5,0.303,0.974,5.6,0.872,0.37,0.365,1
233.3,0.516,68.6,3,0.577,0.911,1.5,0.38,0.684,0.51,1
234.4,0.727,75.8,7,0.522,0.725,7.8,0.221,0.455,0.693,1
310.6,0.863,43.0,6,0.364,0.808,2.7,0.606,0.26,0.655,0
213.5,0.591,55.2,4,0.381,0.777,5.7,0.449,0.728,0.755,1
139.8,0.277,66.7,6,0.078,0.749,4.1,0.701,0.392,0.523,1
174.4,0.327,62.0,2,0.531,0.949,1.3,0.412,0.359,0.739,1
289.7,0.338,49.6,6,0.537,0.774,7.4,0.4,0.612,0.465,0
220.3,0.373,84.0,3,0.36,0.883,11.7,0.846,0.205,0.904,0
257.4,0.797,75.6,4,0.582,0.883,3.6,0.433,0.21,0.84,0
293.7,0.734,74.0,3,0.609,0.823,0.8,0.557,0.32,0.601,1
178.8,0.366,62.3,2,0.539,0.507,5.3,0.541,0.535,0.83,1
303.2,0.759,73.1,2,0.316,0.774,4.3,0.278,0.843,0.74,1
261.7,0.709,79.2,5,0.442,0.798,2.1,0.087,0.681,0.824,1
84.2,0.415,68.3,5,0.32,0.758,4.3,0.692,0.464,0.946,1
378.7,0.449,78.2,7,0.226,0.664,9.6,0.427,0.458,0.838,1
164.9,0.428,60.9,3,0.384,0.632,8.4,0.716,0.332,0.621,0
37.9,0.97,73.4,3,0.674,0.736,3.2,0.178,0.765,0.757,1
105.0,0.442,88.0,9,0.478,0.828,3.1,0.61,0.509,0.921,1
107.7,0.477,89.2,5,0.179,0.283,2.0,0.575,0.746,0.849,1
225.7,0.556,90.6,3,0.134,0.865,3.2,0.337,0.245,0.578,1
189.9,0.697,76.0,2,0.27,0.423,4.8,0.706,0.25,0.855,1
182.9,0.13,72.4,2,0.263,0.548,4.6,0.153,0.202,0.341,0
288.2,0.431,65.7,4,0.599,0.725,5.1,0.827,0.578,0.777,0
257.4,0.71,46.7,4,0.017,0.605,5.1,0.262,0.469,0.573,1
254.8,0.443,53.2,2,0.163,0.57,2.3,0.167,0.524,0.778,1
265.1,0.298,69.6,3,0.143,0.574,7.4,0.72,0.841,0.544,1
287.8,0.745,70.5,4,0.321,0.596,8.2,0.23,0.801,0.738,1
0.0,0.867,91.8,8,0.53,0.969,4.3,0.533,0.45,0.717,1
179.9,0.737,90.4,3,0.301,0.731,18.2,0.28,0.496,0.716,0
0.0,0.513,62.4,5,0.146,0.803,5.5,0.495,0.118,0.871,0
224.0,0.677,83.5,4,0.603,0.418,1.5,0.151,0.914,0.643,1
219.5,0.784,65.3,5,0.283,0.773,3.4,0.333,0.342,0.606,1
335.0,0.239,81.6,4,0.421,0.331,3.2,0.375,0.444,0.843,1
350.6,0.522,83.3,2,0.172,0.716,0.8,0.583,0.679,0.498,1
242.3,0.517,89.4,7,0.183,0.753,3.5,0.745,0.682,0.346,1
165.0,0.672,65.1,4,0.815,0.472,7.2,0.336,0.921,0.553,0
273.4,0.898,86.2,8,0.604,0.779,8.0,0.299,0.789,0.875,1
161.9,0.477,45.8,4,0.601,0.658,12.3,0.34,0.578,0.631,1
219.8,0.774,90.1,3,0.022,0.797,5.8,0.882,0.49,0.844,1
328.5,0.572,71.6,4,0.214,0.667,6.8,0.221,0.745,0.893,1
158.6,0.634,71.9,2,0.25,0.522,2.6,0.671,0.881,0.917,1
308.6,0.647,43.5,2,0.427,0.405,6.2,0.679,0.813,0.683,1
294.5,0.263,66.6,5,0.42,0.358,5.4,0.692,0.662,0.392,0
115.0,0.475,91.0,3,0.027,0.687,3.2,0.778,0.22,0.792,1
327.1,0.301,66.0,2,0.45,0.884,12.6,0.316,0.679,0.941,1
296.8,0.649,82.0,7,0.342,0.855,1.5,0.443,0.536,0.758,1
231.2,0.769,72.5,3,0.284,0.79,4.4,0.443,0.532,0.897,1
136.1,0.507,86.9,6,0.218,0.235,9.6,0.211,0.759,0.464,1
125.5,0.49,74.7,7,0.939,0.775,2.1,0.491,0.631,0.909,1
160.9,0.775,59.0,4,0.644,0.375,2.8,0.68,0.359,0.837,1
279.7,0.565,72.8,7,0.408,0.602,7.0,0.638,0.513,0.624,1
114.9,0.769,94.4,7,0.395,0.75,7.0,0.058,0.34,0.455,1
268.1,0.56,79.0,3,0.409,0.839,3.8,0.374,0.685,0.87,1
83.4,0.742,70.4,5,0.224,0.914,5.1,0.372,0.735,0.717,1
197.6,0.673,100.0,2,0.274,0.842,4.3,0.42,0.048,0.547,0
232.1,0.411,88.2,5,0.598,0.508,7.5,0.835,0.774,0.537,1
489.0,0.315,83.4,4,0.412,0.981,7.7,0.4,0.165,0.558,1
68.5,0.595,76.4,2,0.359,0.878,10.2,0.463,0.483,0.888,1
381.9,0.503,82.2,10,0.854,0.513,10.2,0.088,0.155,0.506,1
236.5,0.484,82.7,5,0.413,0.389,5.2,0.63,0.126,0.476,1
265.2,0.825,41.4,5,0.284,0.64,1.8,0.606,0.361,0.666,0
233.0,0.723,77.5,4,0.038,0.922,2.4,0.437,0.605,0.776,1
268.9,0.715,69.7,6,0.335,0.467,2.7,0.878,0.61,0.751,0
203.1,0.065,65.0,6,0.268,0.761,3.9,0.626,0.588,0.915,1
379.9,0.728,69.3,6,0.061,0.824,4.6,0.439,0.756,0.823,1
169.8,0.489,50.2,7,0.161,0.848,2.0,0.836,0.751,0.565,1
344.5,0.662,46.7,2,0.382,0.659,0.7,0.722,0.448,0.841,1
149.1,0.185,89.5,4,0.284,0.565,5.9,0.248,0.762,0.497,1
213.4,0.398,78.5,3,0.68,0.157,4.1,0.442,0.557,0.203,1
102.1,0.573,38.2,3,0.015,0.77,13.1,0.334,0.271,0.56,0
270.1,0.584,63.9,3,0.189,0.824,2.6,0.576,0.884,0.812,1
379.0,0.498,84.3,4,0.51,0.922,11.7,0.902,0.453,0.943,1
211.5,0.799,68.1,2,0.066,0.497,2.2,0.17,0.223,0.929,1
198.3,0.463,89.4,3,0.594,0.799,4.0,0.245,0.687,0.94,1
97.4,0.607,86.7,1,0.45,0.728,4.3,0.696,0.676,0.968,1
194.8,0.318,53.0,4,0.33,0.675,1.2,0.451,0.495,0.777,0
44.8,0.655,70.0,3,0.356,0.805,5.0,0.718,0.701,0.849,1
119.6,0.697,65.7,6,0.259,0.491,2.4,0.596,0.83,0.978,1
244.9,0.632,52.6,10,0.439,0.805,8.7,0.33,0.418,0.848,0
365.1,0.642,51.6,6,0.714,0.412,6.9,0.16,0.583,0.54,1
529.0,0.751,60.7,2,0.675,0.971,5.5,0.542,0.28,0.555,1
155.5,0.592,63.0,4,0.314,0.689,2.8,0.494,0.378,0.57,1
377.9,0.759,76.0,3,0.68,0.646,1.6,0.644,0.521,0.669,1
246.8,0.456,86.6,9,0.543,0.951,11.3,0.346,0.493,0.865,1
203.4,0.282,79.2,7,0.165,0.695,10.7,0.349,0.798,0.393,1
267.6,0.59,82.5,2,0.608,0.634,2.8,0.546,0.522,0.944,1
226.8,0.889,68.3,3,0.497,0.871,7.6,0.489,0.423,0.935,1
232.1,0.243,80.4,6,0.308,0.859,2.1,0.683,0.657,0.528,1
175.1,0.919,69.9,6,0.009,0.908,2.4,0.146,0.675,0.919,1
66.2,0.378,65.8,6,0.329,0.752,4.1,0.22,0.592,0.508,1
50.2,0.529,98.6,3,0.504,0.782,5.7,0.424,0.756,0.685,1
291.9,0.421,39.4,4,0.167,0.668,1.5,0.124,0.669,0.687,0
189.6,0.741,45.8,8,0.455,0.671,0.8,0.679,0.677,0.764,1
154.4,0.725,77.4,12,0.675,0.789,2.3,0.471,0.759,0.709,1
220.9,0.517,68.3,7,0.336,0.868,3.8,0.69,0.503,0.772,1
307.4,0.815,51.9,7,0.631,0.346,1.4,0.411,0.878,0.963,1
239.8,0.862,57.2,5,0.241,0.606,3.0,0.491,0.846,0.87,1
147.8,0.687,59.1,4,0.164,0.92,3.1,0.304,0.381,0.832,0
354.9,0.511,84.5,3,0.342,0.903,14.7,0.126,0.634,0.551,1
393.7,0.614,89.0,5,0.276,0.88,5.8,0.369,0.425,0.907,1
274.4,0.465,95.0,6,0.332,0.801,4.8,0.363,0.243,0.749,1
327.1,0.397,49.8,3,0.262,0.655,3.4,0.582,0.394,0.891,1
356.6,0.308,52.9,2,0.577,0.874,10.2,0.366,0.458,0.731,1
344.3,0.431,51.9,3,0.584,0.7,1.6,0.355,0.278,0.635,1
287.6,0.399,90.0,5,0.313,0.635,6.4,0.731,0.368,0.799,1
285.8,0.699,77.8,5,0.255,0.852,10.6,0.402,0.642,0.921,1
277.2,0.714,73.1,1,0.123,0.747,7.3,0.241,0.63,0.884,1
99.3,0.492,75.2,5,0.697,0.753,2.5,0.172,0.385,0.775,1
297.1,0.315,71.2,5,0.119,0.708,1.5,0.336,0.291,0.293,0
70.9,0.494,56.3,3,0.711,0.64,7.5,0.939,0.868,0.969,0
132.6,0.971,79.2,4,0.401,0.817,6.5,0.292,0.561,0.944,1
363.4,0.373,69.4,4,0.115,0.551,8.5,0.748,0.788,0.818,1
312.4,0.733,55.2,5,0.431,0.876,6.9,0.389,0.127,0.611,1
383.6,0.516,80.0,3,0.221,0.914,8.9,0.542,0.865,0.837,1
190.1,0.792,66.0,3,0.664,0.787,3.4,0.533,0.768,0.551,1
93.3,0.19,75.2,5,0.074,0.841,4.4,0.211,0.843,0.668,1
193.6,0.458,70.3,6,0.646,0.599,1.7,0.242,0.664,0.553,1
231.2,0.705,84.5,9,0.44,0.911,1.4,0.288,0.504,0.927,1
228.7,0.292,75.1,6,0.132,0.724,5.4,0.176,0.749,0.699,1
344.7,0.548,59.6,3,0.05,0.92,2.7,0.631,0.279,0.577,1
180.3,0.244,76.5,3,0.275,0.767,10.8,0.741,0.452,0.711,1
258.7,0.21,77.0,6,0.27,0.47,6.5,0.112,0.816,0.914,1
111.3,0.661,79.2,1,0.589,0.688,4.7,0.729,0.607,0.478,0
269.5,0.678,86.5,7,0.052,0.169,1.1,0.741,0.945,0.766,1
220.3,0.532,63.4,7,0.025,0.755,2.0,0.724,0.64,0.622,1
137.5,0.621,81.4,2,0.844,0.962,2.4,0.941,0.612,0.546,1
194.1,0.795,47.9,4,0.458,0.885,3.2,0.512,0.402,0.639,1
199.7,0.605,70.3,4,0.692,0.367,7.9,0.279,0.621,0.852,0
190.3,0.576,68.2,3,0.533,0.85,1.4,0.646,0.681,0.724,1
414.8,0.281,92.3,9,0.135,0.888,14.6,0.457,0.846,0.983,1
209.2,0.571,69.8,4,0.389,0.788,7.1,0.503,0.69,0.745,1
193.2,0.194,80.5,4,0.663,0.866,1.8,0.488,0.608,0.781,1
0.0,0.387,47.3,5,0.64,0.834,10.3,0.638,0.665,0.786,0
121.6,0.348,67.1,1,0.082,0.749,6.4,0.206,0.164,0.865,0
191.1,0.206,60.2,3,0.458,0.677,2.7,0.537,0.384,0.873,0
144.6,0.574,100.0,4,0.242,0.664,7.2,0.352,0.536,0.689,1
372.0,0.608,62.7,3,0.024,0.745,1.9,0.718,0.61,0.806,1
201.9,0.212,73.0,3,0.435,0.847,4.4,0.373,0.67,0.649,0
361.7,0.427,73.8,3,0.173,0.486,6.0,0.33,0.764,0.682,1
226.8,0.549,49.7,3,0.802,0.629,1.9,0.574,0.705,0.797,1
224.1,0.333,64.6,5,0.305,0.739,4.8,0.629,0.365,0.574,1
210.2,0.744,77.7,2,0.44,0.584,5.6,0.458,0.485,0.847,1
220.4,0.819,73.2,1,0.427,0.584,3.2,0.531,0.561,0.894,1
409.1,0.501,39.8,5,0.096,0.78,2.5,0.697,0.588,0.804,1
0.0,0.58,64.1,6,0.5,0.51,4.6,0.512,0.622,0.855,1
0.0,0.529,86.3,9,0.616,0.564,3.5,0.856,0.419,0.619,0
160.3,0.386,80.2,2,0.502,0.818,11.4,0.477,0.664,0.77,1
221.6,0.255,89.1,4,0.107,0.639,6.1,0.354,0.666,0.687,1
295.9,0.133,58.2,4,0.485,0.512,3.6,0.325,0.817,0.654,0
272.0,0.794,89.9,5,0.47,0.847,4.2,0.403,0.432,0.928,1
177.7,0.539,71.4,5,0.298,0.571,2.6,0.227,0.451,0.596,1
332.1,0.919,94.3,4,0.201,0.719,8.7,0.255,0.264,0.537,1
333.3,0.42,72.0,4,0.693,0.506,6.5,0.845,0.219,0.583,0
240.2,0.321,43.3,3,0.176,0.82,11.9,0.289,0.306,0.891,1
325.9,0.598,83.9,0,0.249,0.622,4.8,0.502,0.188,0.86,1
250.0,0.285,65.8,5,0.692,0.871,3.7,0.339,0.304,0.805,1
158.2,0.792,66.7,5,0.523,0.83,4.9,0.628,0.204,0.689,1
296.8,0.615,51.7,3,0.071,0.755,11.6,0.409,0.401,0.858,0
232.2,0.252,94.7,6,0.475,0.498,3.1,0.902,0.588,0.569,1
220.1,0.245,64.7,6,0.39,0.843,2.8,0.434,0.292,0.918,1
382.0,0.427,94.1,2,0.491,0.755,3.4,0.395,0.365,0.777,1
0.0,0.444,66.0,6,0.056,0.531,2.6,0.377,0.427,0.526,0
64.1,0.213,59.0,8,0.227,0.43,5.2,0.056,0.191,0.866,0
89.4,0.964,90.5,3,0.161,0.604,3.2,0.081,0.736,0.937,1
180.0,0.249,71.0,6,0.297,0.871,9.9,0.372,0.737,0.826,1
192.0,0.543,71.1,4,0.298,0.319,1.7,0.406,0.161,0.862,1
54.2,0.436,54.1,2,0.274,0.758,6.6,0.373,0.543,0.743,0
111.6,0.222,65.6,4,0.762,0.738,9.1,0.803,0.472,0.836,0
125.3,0.154,78.0,5,0.235,0.576,1.7,0.294,0.964,0.738,1
490.3,0.829,53.8,3,0.48,0.749,5.9,0.309,0.576,0.941,1
418.2,0.421,64.5,0,0.501,0.741,8.0,0.629,0.924,0.898,1
174.7,0.315,66.1,2,0.331,0.886,1.1,0.098,0.863,0.779,1
180.0,0.511,72.9,2,0.419,0.838,2.2,0.804,0.498,0.856,0
93.6,0.789,92.7,1,0.334,0.827,8.7,0.392,0.297,0.774,1
10.1,0.336,67.8,3,0.683,0.688,8.7,0.207,0.801,0.796,0
207.1,0.506,62.3,9,0.298,0.864,4.1,0.625,0.621,0.579,1
110.2,0.706,100.0,0,0.152,0.504,4.9,0.399,0.556,0.727,1
210.7,0.592,65.9,2,0.373,0.77,6.4,0.356,0.673,0.9,1
44.0,0.525,69.3,4,0.087,0.956,7.8,0.373,0.637,0.762,1
136.2,0.826,67.0,5,0.696,0.679,4.6,0.561,0.137,0.931,1
236.3,0.174,68.1,2,0.328,0.815,7.8,0.636,0.308,0.814,1
260.3,0.323,73.1,5,0.239,0.933,0.7,0.167,0.388,0.797,0
265.9,0.903,84.9,6,0.286,0.996,3.7,0.944,0.663,0.667,1
74.7,0.746,77.7,6,0.269,0.786,6.3,0.884,0.715,0.687,0
314.0,0.452,87.1,7,0.039,0.778,5.4,0.509,0.825,0.495,1
132.0,0.548,86.6,4,0.248,0.958,10.5,0.27,0.188,0.928,1
289.6,0.677,74.9,1,0.015,0.835,2.2,0.209,0.497,0.903,1
218.8,0.862,77.3,7,0.231,0.92,2.1,0.623,0.85,0.573,1
68.6,0.595,87.5,6,0.246,0.549,11.3,0.872,0.284,0.675,1
185.2,0.462,56.4,3,0.702,0.664,1.2,0.56,0.655,0.738,1
260.2,0.318,100.0,3,0.439,0.45,7.1,0.597,0.678,0.896,1
287.4,0.647,64.8,9,0.205,0.806,6.6,0.274,0.307,0.715,1
204.5,0.266,67.1,2,0.391,0.699,3.0,0.659,0.407,0.799,1
388.5,0.279,55.0,4,0.048,0.513,11.1,0.949,0.253,0.454,0
330.8,0.587,55.4,2,0.491,0.741,4.2,0.237,0.582,0.779,1
191.8,0.656,85.6,3,0.154,0.677,4.5,0.47,0.462,0.595,1
302.5,0.209,100.0,3,0.617,0.978,2.3,0.563,0.036,0.896,1
432.7,0.723,64.1,5,0.657,0.51,2.5,0.421,0.62,0.888,1
435.7,0.304,76.9,0,0.094,0.648,2.0,0.735,0.231,0.666,1
84.9,0.514,75.1,3,0.227,0.782,6.0,0.302,0.432,0.816,1
118.1,0.234,86.0,3,0.891,0.924,5.8,0.526,0.633,0.884,0
383.3,0.165,100.0,4,0.23,0.399,0.7,0.835,0.752,0.741,1
103.6,0.555,93.3,4,0.482,0.643,8.4,0.655,0.98,0.949,1
74.5,0.255,68.7,4,0.483,0.618,3.9,0.604,0.426,0.685,0
166.5,0.167,79.4,3,0.509,0.928,1.2,0.581,0.564,0.653,1
266.2,0.452,80.8,6,0.22,0.802,10.6,0.562,0.867,0.922,1
208.7,0.598,71.7,2,0.641,0.571,3.3,0.436,0.633,0.284,1
148.4,0.186,56.7,6,0.546,0.85,3.3,0.172,0.472,0.591,0
145.8,0.859,60.8,4,0.058,0.682,4.1,0.458,0.209,0.928,1
141.6,0.775,88.1,7,0.161,0.905,7.9,0.453,0.936,0.809,1
123.3,0.157,89.5,4,0.428,0.888,3.0,0.717,0.285,0.823,1
471.0,0.642,69.1,3,0.179,0.817,9.4,0.314,0.865,0.844,1
252.7,0.441,75.7,5,0.28,0.865,2.0,0.209,0.471,0.815,1
317.5,0.338,88.8,6,0.618,0.332,3.2,0.456,0.061,0.73,1
166.2,0.378,48.1,9,0.325,0.556,0.5,0.436,0.818,0.268,1
199.5,0.42,65.8,5,0.162,0.549,3.4,0.441,0.756,0.822,1
141.5,0.719,100.0,3,0.586,0.759,1.4,0.86,0.567,0.686,1
0.0,0.59,76.2,3,0.118,0.808,1.7,0.164,0.53,0.609,1
68.4,0.323,56.2,5,0.222,0.715,1.5,0.748,0.276,0.853,0
20.8,0.507,73.6,6,0.005,0.531,4.2,0.154,0.535,0.885,1
0.0,0.915,86.3,3,0.466,0.911,4.1,0.431,0.051,0.948,1
88.5,0.187,36.3,2,0.537,0.547,6.9,0.57,0.364,0.842,0
365.7,0.6,74.5,4,0.268,0.747,3.3,0.113,0.768,0.706,1
215.1,0.28,66.8,6,0.691,0.665,6.1,0.497,0.326,0.775,0
362.0,0.695,49.0,1,0.481,0.718,4.5,0.071,0.115,0.369,0
265.2,0.327,73.1,6,0.31,0.525,2.7,0.838,0.521,0.497,0
306.1,0.31,70.1,2,0.448,0.992,8.1,0.465,0.072,0.968,1
120.9,0.282,71.7,7,0.228,0.622,2.4,0.321,0.475,0.949,1
277.6,0.244,67.1,4,0.088,0.69,1.0,0.464,0.167,0.676,1
300.2,0.944,57.7,1,0.461,0.977,0.6,0.122,0.78,0.783,1
156.6,0.374,51.6,4,0.114,0.774,2.9,0.362,0.953,0.772,1
281.5,0.957,62.3,7,0.409,0.772,3.7,0.527,0.523,0.725,1
282.3,0.582,84.0,7,0.108,0.321,3.7,0.545,0.931,0.655,1
159.5,0.477,75.3,6,0.234,0.715,0.5,0.471,0.781,0.788,1
96.5,0.609,71.0,8,0.863,0.857,5.4,0.826,0.893,0.898,1
89.7,0.25,57.4,2,0.498,0.765,3.2,0.087,0.767,0.824,1
229.5,0.484,66.8,2,0.177,0.716,6.7,0.673,0.695,0.642,1
256.0,0.909,82.3,1,0.26,0.588,4.2,0.238,0.643,0.676,1
132.8,0.656,79.1,11,0.252,0.496,5.9,0.789,0.657,0.725,1
222.9,0.475,65.3,8,0.464,0.702,1.3,0.357,0.439,0.502,0
282.8,0.267,35.4,4,0.243,0.882,6.7,0.667,0.744,0.669,1
288.0,0.704,62.6,4,0.124,0.675,5.1,0.549,0.319,0.716,1
390.7,0.69,65.2,4,0.2,0.67,2.5,0.13,0.637,0.857,1
360.5,0.349,59.3,5,0.505,0.735,10.5,0.714,0.442,0.735,0
109.9,0.768,66.2,8,0.358,0.726,15.3,0.29,0.255,0.651,1
405.2,0.6,83.4,1,0.645,0.877,2.5,0.381,0.401,0.977,1
161.6,0.633,71.5,4,0.667,0.686,7.0,0.382,0.5,0.789,1
334.9,0.729,85.9,6,0.553,0.709,4.0,0.242,0.735,0.769,1
227.5,0.754,50.9,7,0.481,0.605,5.8,0.606,0.495,0.803,0
174.7,0.663,67.7,6,0.591,0.919,4.8,0.296,0.39,0.929,1
21.2,0.886,44.9,1,0.503,0.783,6.9,0.36,0.842,0.758,0
201.1,0.812,66.0,2,0.217,0.567,0.7,0.192,0.116,0.662,1
48.5,0.469,57.4,4,0.635,0.806,5.7,0.351,0.593,0.48,0
326.4,0.54,89.9,7,0.215,0.565,5.0,0.256,0.717,0.482,1
386.8,0.762,77.7,5,0.687,0.968,4.3,0.013,0.49,0.77,1
132.3,0.352,86.2,5,0.242,0.669,8.8,0.757,0.483,0.976,1
253.2,0.677,66.0,2,0.738,0.765,1.7,0.693,0.217,0.903,1
140.2,0.572,57.7,6,0.262,0.727,6.6,0.369,0.498,0.848,0
150.9,0.54,57.3,1,0.506,0.766,2.3,0.538,0.517,0.83,1
305.2,0.759,75.7,8,0.728,0.711,2.8,0.128,0.466,0.595,1
215.8,0.104,97.3,5,0.188,0.932,2.5,0.435,0.195,0.93,1
411.4,0.213,77.8,7,0.468,0.842,4.3,0.398,0.788,0.846,1
167.0,0.598,66.8,12,0.76,0.47,6.7,0.899,0.352,0.595,0
329.9,0.361,69.4,4,0.413,0.718,4.0,0.682,0.918,0.517,1
230.7,0.883,71.6,3,0.722,0.946,7.5,0.445,0.86,0.712,1
307.5,0.767,100.0,3,0.296,0.906,3.1,0.547,0.255,0.899,1
170.8,0.162,89.3,5,0.444,0.771,1.1,0.168,0.461,0.599,1
214.5,0.637,75.6,1,0.475,0.52,4.7,0.286,0.611,0.78,1
207.3,0.189,73.5,6,0.277,0.681,3.5,0.371,0.505,0.893,1
128.0,0.648,76.2,2,0.548,0.884,10.3,0.481,0.742,0.742,1
292.8,0.431,78.9,2,0.593,0.762,1.9,0.67,0.826,0.924,1
291.5,0.463,66.2,0,0.056,0.875,5.3,0.259,0.39,0.879,1
285.3,0.553,60.2,6,0.556,0.765,4.0,0.46,0.283,0.845,1
389.1,0.811,86.5,2,0.179,0.636,1.2,0.41,0.578,0.911,1
379.4,0.954,72.3,7,0.739,0.919,0.9,0.287,0.465,0.832,1
178.8,0.843,85.3,4,0.719,0.856,0.9,0.866,0.335,0.765,1
261.0,0.82,95.0,3,0.095,0.817,6.7,0.598,0.486,0.696,1
151.4,0.726,79.3,1,0.055,0.828,3.9,0.832,0.13,0.783,1
222.6,0.517,77.0,1,0.099,0.778,5.9,0.471,0.507,0.885,1
154.0,0.773,100.0,1,0.288,0.634,6.0,0.824,0.903,0.828,1
398.2,0.847,74.9,6,0.144,0.705,11.4,0.247,0.584,0.398,1
260.0,0.732,56.7,1,0.217,0.836,7.8,0.582,0.79,0.85,1
196.0,0.542,68.1,8,0.476,0.279,3.9,0.264,0.71,0.907,1
351.3,0.602,93.7,8,0.22,0.846,5.6,0.456,0.414,0.851,1
0.0,0.728,53.9,5,0.136,0.448,1.6,0.635,0.546,0.921,1
0.0,0.395,61.5,3,0.582,0.926,1.3,0.418,0.738,0.875,0
307.5,0.336,87.5,3,0.259,0.558,3.6,0.156,0.523,0.837,1
226.7,0.793,68.2,2,0.468,0.755,2.4,0.399,0.452,0.826,1
247.5,0.752,70.5,2,0.312,0.808,4.1,0.642,0.435,0.987,1
74.1,0.103,87.0,5,0.431,0.883,2.9,0.214,0.868,0.585,1
217.4,0.836,62.0,3,0.046,0.956,7.4,0.479,0.399,0.801,1
440.4,0.493,51.4,5,0.7,0.875,5.5,0.061,0.793,0.732,1
310.7,0.769,52.6,2,0.173,0.718,2.5,0.548,0.808,0.482,1
238.7,0.477,80.1,5,0.314,0.712,6.1,0.273,0.763,0.714,1
171.7,0.654,75.6,3,0.304,0.247,1.6,0.688,0.726,0.73,1
176.6,0.692,62.3,2,0.066,0.673,3.8,0.96,0.306,0.753,0
0.0,0.555,55.8,4,0.469,0.559,7.5,0.561,0.947,0.64,0
248.3,0.695,68.2,3,0.383,0.686,0.7,0.241,0.251,0.973,1
313.0,0.285,87.6,7,0.477,0.661,9.1,0.799,0.272,0.815,1
46.7,0.421,60.3,2,0.657,0.864,2.9,0.512,0.592,0.731,0
147.2,0.538,62.7,6,0.019,0.707,7.6,0.799,0.355,0.55,1
92.7,0.447,55.3,2,0.282,0.742,2.9,0.452,0.564,0.717,0
113.8,0.547,66.9,5,0.471,0.59,1.0,0.24,0.516,0.444,0
225.9,0.888,76.7,10,0.073,0.969,2.6,0.937,0.088,0.374,1
0.0,0.236,100.0,6,0.002,0.769,8.5,0.374,0.18,0.962,1
287.6,0.777,75.0,4,0.743,0.603,4.5,0.062,0.235,0.848,1
302.9,0.588,71.2,2,0.824,0.771,7.7,0.475,0.866,0.722,1
192.4,0.621,84.1,7,0.107,0.96,3.0,0.733,0.99,0.652,1
0.0,0.846,81.7,2,0.388,0.209,2.1,0.421,0.915,0.335,1
110.4,0.598,63.9,4,0.58,0.635,7.4,0.466,0.777,0.761,1
355.6,0.786,100.0,7,0.387,0.462,3.9,0.538,0.221,0.537,1
0.0,0.843,71.7,3,0.176,0.566,5.0,0.492,0.715,0.916,0
181.8,0.5,75.3,5,0.685,0.571,5.3,0.513,0.337,0.804,1
90.2,0.617,79.7,7,0.351,0.268,0.7,0.386,0.76,0.7,1
308.5,0.24,76.8,4,0.1,0.844,6.3,0.276,0.679,0.666,1
145.7,0.338,93.4,5,0.186,0.642,1.6,0.656,0.562,0.957,1
264.4,0.403,63.7,6,0.644,0.59,0.9,0.699,0.721,0.797,1
282.2,0.725,83.0,6,0.578,0.645,2.7,0.336,0.484,0.646,1
422.0,0.245,74.3,7,0.507,0.684,3.5,0.497,0.5,0.826,1
197.7,0.7,85.8,2,0.325,0.878,9.7,0.57,0.775,0.608,1
261.4,0.846,69.0,1,0.058,0.527,6.5,0.759,0.639,0.562,1
56.6,0.471,67.1,6,0.155,0.594,0.8,0.807,0.761,0.894,1
350.9,0.367,82.2,2,0.451,0.506,5.0,0.328,0.642,0.738,1
136.3,0.656,77.0,6,0.759,0.321,3.9,0.308,0.622,0.819,1
158.3,0.629,60.5,6,0.109,0.795,1.8,0.568,0.355,0.392,1
217.6,0.615,90.8,3,0.579,0.759,6.0,0.622,0.816,0.354,0
48.1,0.762,82.3,2,0.092,0.802,9.7,0.438,0.704,0.554,0
245.2,0.802,71.0,2,0.575,0.885,4.1,0.345,0.352,0.875,1
326.4,0.512,65.4,6,0.64,0.589,3.0,0.309,0.518,0.951,1
252.2,0.257,77.1,2,0.475,0.919,4.3,0.737,0.593,0.785,0
45.2,0.468,81.2,5,0.523,0.541,5.0,0.656,0.401,0.649,0
206.4,0.348,49.7,3,0.337,0.849,13.2,0.34,0.574,0.814,0
301.6,0.789,77.3,6,0.216,0.578,2.3,0.524,0.683,0.519,1
13.4,0.296,81.1,3,0.029,0.828,2.4,0.247,0.418,0.932,1
101.8,0.678,39.1,7,0.515,0.826,7.3,0.459,0.614,0.927,1
316.4,0.654,74.7,5,0.341,0.753,2.8,0.496,0.222,0.729,1
249.7,0.32,81.7,6,0.573,0.478,0.6,0.465,0.551,0.727,1
265.3,0.912,80.1,9,0.736,0.459,9.8,0.042,0.348,0.505,1
424.5,0.778,83.2,5,0.867,0.684,9.4,0.367,0.418,0.494,1
271.5,0.616,67.4,3,0.182,0.352,1.4,0.736,0.469,0.842,1
292.4,0.668,57.4,3,0.722,0.692,4.1,0.293,0.658,0.915,1
518.2,0.46,46.8,6,0.378,0.859,0.8,0.678,0.456,0.787,1
196.5,0.608,87.3,6,0.185,0.715,6.8,0.278,0.77,0.876,1
132.2,0.198,81.8,6,0.587,0.735,6.6,0.339,0.559,0.444,1
267.1,0.711,88.4,6,0.223,0.721,3.9,0.416,0.757,0.757,1
268.3,0.354,61.8,7,0.434,0.665,8.0,0.954,0.446,0.829,1
162.1,0.854,83.3,1,0.109,0.678,0.9,0.27,0.353,0.806,1
106.4,0.397,51.0,1,0.414,0.749,4.7,0.636,0.646,0.676,1
474.1,0.502,59.8,5,0.377,0.69,0.6,0.242,0.116,0.911,1
256.0,0.705,73.8,7,0.223,0.906,1.8,0.864,0.827,0.681,1
139.4,0.57,81.3,4,0.292,0.699,0.8,0.451,0.806,0.75,1
320.8,0.577,95.5,4,0.347,0.968,10.7,0.705,0.524,0.889,1
208.0,0.292,68.6,5,0.24,0.654,7.8,0.015,0.6,0.85,1
192.2,0.528,59.9,9,0.085,0.931,0.7,0.219,0.398,0.428,1
281.9,0.564,59.2,5,0.061,0.661,4.9,0.595,0.826,0.827,1
77.9,0.541,62.4,3,0.204,0.808,0.7,0.76,0.393,0.942,1
258.8,0.774,100.0,6,0.226,0.737,6.3,0.478,0.561,0.643,1
430.4,0.362,82.6,5,0.313,0.59,7.2,0.701,0.76,0.646,1
271.3,0.508,87.6,4,0.402,0.696,6.3,0.483,0.296,0.911,1
178.6,0.168,68.7,2,0.083,0.67,4.9,0.627,0.736,0.53,1
164.2,0.436,72.0,2,0.537,0.577,3.4,0.15,0.307,0.75,1
174.9,0.154,81.8,6,0.123,0.294,4.6,0.322,0.344,0.498,0
192.1,0.404,64.9,4,0.142,0.588,1.9,0.539,0.767,0.789,1
178.4,0.863,67.9,3,0.624,0.895,4.9,0.632,0.253,0.955,1
320.8,0.77,62.6,5,0.226,0.628,3.1,0.559,0.909,0.663,1
29.3,0.811,65.7,4,0.126,0.678,0.8,0.354,0.266,0.824,1
314.8,0.484,72.7,7,0.073,0.815,1.6,0.445,0.438,0.819,1
178.2,0.571,60.5,4,0.456,0.671,7.2,0.908,0.952,0.604,1
261.5,0.845,76.0,7,0.901,0.895,0.9,0.191,0.87,0.91,1
96.0,0.479,76.0,7,0.438,0.776,4.4,0.285,0.879,0.657,1
366.1,0.599,69.5,6,0.207,0.478,2.9,0.266,0.711,0.798,1
357.0,0.374,60.4,3,0.348,0.774,1.6,0.729,0.541,0.773,1
325.6,0.715,73.5,5,0.56,0.518,8.1,0.626,0.789,0.81,1
53.4,0.464,64.9,8,0.084,0.634,9.0,0.34,0.464,0.766,0
311.2,0.724,72.7,4,0.442,0.783,1.0,0.392,0.29,0.861,1
264.5,0.384,87.4,2,0.453,0.759,4.5,0.532,0.771,0.535,1
43.4,0.799,54.5,3,0.127,0.477,3.3,0.234,0.561,0.842,1
217.3,0.335,100.0,2,0.039,0.936,4.3,0.247,0.561,0.632,1
260.1,0.139,71.0,5,0.531,0.526,18.2,0.098,0.827,0.832,0
281.2,0.456,77.8,4,0.393,0.635,2.9,0.765,0.553,0.83,1
239.5,0.777,61.5,5,0.376,0.82,2.1,0.517,0.487,0.895,1
252.0,0.402,88.0,6,0.382,0.81,3.7,0.583,0.383,0.694,1
382.1,0.59,70.2,3,0.377,0.653,5.1,0.308,0.779,0.876,1
354.9,0.403,66.5,6,0.252,0.918,2.8,0.752,0.748,0.897,1
0.0,0.738,63.9,4,0.205,0.782,17.2,0.372,0.525,0.755,1
185.1,0.832,68.2,3,0.376,0.952,2.0,0.703,0.422,0.949,1
201.9,0.536,77.9,5,0.468,0.952,6.4,0.403,0.472,0.763,1
27.3,0.28,74.4,5,0.037,0.899,10.2,0.6,0.716,0.788,0
230.4,0.52,71.4,2,0.103,0.699,0.3,0.11,0.491,0.805,1
357.4,0.786,62.0,4,0.531,0.424,5.4,0.238,0.38,0.325,1
100.5,0.287,61.2,5,0.343,0.834,2.0,0.565,0.607,0.782,1
257.0,0.617,65.5,0,0.137,0.807,1.6,0.444,0.781,0.482,1
119.3,0.607,78.4,5,0.701,0.647,3.5,0.792,0.612,0.801,0
146.1,0.068,81.3,3,0.051,0.509,9.8,0.318,0.79,0.821,0
382.5,0.366,83.2,6,0.841,0.335,7.4,0.03,0.57,0.868,1
160.3,0.425,72.0,7,0.393,0.707,0.8,0.279,0.75,0.555,1
270.8,0.804,77.4,2,0.502,0.745,7.4,0.955,0.187,0.672,1
14.2,0.603,69.6,6,0.47,0.613,2.0,0.377,0.48,0.798,1
424.9,0.534,47.6,4,0.039,0.902,8.7,0.098,0.483,0.755,1
286.3,0.735,69.0,0,0.694,0.872,0.5,0.753,0.436,0.787,1
199.9,0.784,66.7,2,0.636,0.671,5.7,0.6,0.763,0.957,0
283.3,0.878,57.5,2,0.127,0.442,1.8,0.388,0.563,0.857,1
64.9,0.604,64.1,4,0.426,0.845,7.3,0.774,0.495,0.702,0
350.1,0.384,73.9,5,0.449,0.238,11.5,0.174,0.41,0.865,1
184.4,0.766,56.1,3,0.388,0.692,3.5,0.82,0.389,0.919,1
197.6,0.487,62.0,12,0.493,0.556,2.5,0.226,0.663,0.933,0
165.9,0.743,93.7,6,0.321,0.793,3.1,0.256,0.692,0.849,1
156.1,0.389,49.6,2,0.171,0.484,3.7,0.211,0.399,0.957,0
296.4,0.442,69.4,4,0.444,0.899,5.6,0.509,0.47,0.657,1
248.1,0.353,55.7,6,0.589,0.818,0.9,0.631,0.388,0.603,1
291.7,0.633,61.5,5,0.147,0.25,1.4,0.252,0.571,0.789,1
219.0,0.536,69.2,7,0.45,0.828,4.2,0.874,0.716,0.756,1
276.5,0.58,58.2,8,0.188,0.494,3.8,0.707,0.5,0.597,1
173.9,0.73,80.0,2,0.408,0.306,1.4,0.655,0.651,0.909,1
465.3,0.478,90.9,4,0.494,0.66,8.4,0.467,0.76,0.636,1
47.5,0.443,83.8,2,0.122,0.537,2.2,0.915,0.454,0.63,0
358.7,0.55,86.3,5,0.049,0.275,13.1,0.301,0.304,0.842,1
370.5,0.757,52.7,7,0.331,0.725,5.5,0.501,0.643,0.699,0
126.3,0.889,68.6,3,0.354,0.579,6.9,0.397,0.385,0.798,0
465.2,0.349,78.5,3,0.32,0.893,4.7,0.62,0.913,0.817,1
329.5,0.948,84.2,3,0.225,0.891,2.5,0.6,0.52,0.443,1
326.8,0.703,96.5,8,0.313,0.68,4.5,0.429,0.878,0.622,1
223.1,0.381,87.0,5,0.159,0.609,3.4,0.746,0.806,0.69,1
196.1,0.534,84.6,8,0.486,0.883,1.1,0.524,0.302,0.852,0
197.0,0.268,100.0,3,0.053,0.702,1.1,0.414,0.416,0.72,1
263.0,0.487,73.3,4,0.218,0.705,3.0,0.536,0.577,0.486,1
374.1,0.779,68.0,2,0.302,0.419,5.7,0.479,0.554,0.94,1
239.9,0.843,74.5,5,0.157,0.941,3.0,0.617,0.787,0.859,1
119.7,0.231,59.2,2,0.594,0.916,3.0,0.269,0.209,0.975,0
310.7,0.193,72.9,5,0.424,0.483,5.9,0.513,0.752,0.842,1
321.3,0.486,47.8,3,0.262,0.643,2.9,0.953,0.528,0.99,1
292.0,0.49,64.6,0,0.715,0.796,16.4,0.097,0.884,0.972,1
302.0,0.73,70.4,4,0.255,0.306,2.2,0.604,0.908,0.837,1
190.2,0.182,85.3,4,0.496,0.88,7.3,0.185,0.233,0.911,1
117.8,0.649,87.6,4,0.474,0.505,4.2,0.351,0.507,0.764,1
124.5,0.853,58.5,10,0.236,0.825,23.2,0.39,0.592,0.815,1
40.1,0.963,100.0,7,0.147,0.912,2.8,0.359,0.623,0.732,1
246.1,0.707,74.1,1,0.021,0.617,6.5,0.552,0.476,0.846,1
210.8,0.269,75.4,2,0.504,0.795,3.8,0.836,0.464,0.65,1
171.6,0.414,49.4,7,0.392,0.98,0.4,0.722,0.517,0.518,1
0.0,0.372,63.3,5,0.15,0.977,4.1,0.724,0.346,0.891,0
82.8,0.584,86.7,2,0.869,0.861,2.7,0.486,0.858,0.879,1
343.3,0.922,74.4,1,0.528,0.252,4.8,0.23,0.459,0.619,1
146.9,0.436,73.5,9,0.509,0.861,2.1,0.408,0.508,0.669,1
259.7,0.499,75.2,13,0.184,0.789,0.3,0.291,0.354,0.817,1
67.0,0.034,51.8,11,0.16,0.58,10.9,0.508,0.994,0.794,1
378.3,0.254,70.6,8,0.125,0.631,2.4,0.636,0.479,0.776,1
204.2,0.383,91.7,2,0.765,0.777,7.1,0.12,0.541,0.947,1
251.9,0.784,87.2,4,0.226,0.646,3.6,0.628,0.413,0.8,1
475.8,0.749,70.2,7,0.598,0.602,4.8,0.192,0.363,0.919,1
386.8,0.816,93.9,3,0.039,0.635,4.5,0.669,0.728,0.796,1
186.3,0.337,54.4,3,0.593,0.893,2.9,0.346,0.909,0.727,1
154.7,0.732,58.4,4,0.785,0.882,4.1,0.335,0.739,0.776,0
184.2,0.674,98.1,7,0.433,0.621,6.8,0.757,0.634,0.728,1
276.1,0.65,80.1,5,0.23,0.446,4.2,0.779,0.416,0.99,1
208.4,0.221,68.0,7,0.68,0.238,7.8,0.279,0.301,0.751,1
176.5,0.691,71.2,0,0.146,0.72,2.7,0.792,0.714,0.853,1
381.4,0.951,60.7,4,0.164,0.693,3.8,0.394,0.358,0.822,1
207.4,0.381,75.9,9,0.083,0.528,1.5,0.435,0.491,0.597,1
473.0,0.226,74.8,1,0.339,0.947,5.1,0.366,0.327,0.949,1
230.0,0.986,72.3,4,0.256,0.835,3.6,0.208,0.57,0.961,1
416.4,0.69,55.8,10,0.398,0.964,4.4,0.223,0.839,0.937,1
259.3,0.788,75.7,2,0.459,0.664,10.5,0.559,0.501,0.612,1
325.9,0.885,64.6,8,0.202,0.609,3.6,0.609,0.24,0.682,1
140.3,0.845,58.2,6,0.622,0.886,9.7,0.309,0.625,0.717,0
126.1,0.393,89.7,4,0.421,0.738,2.0,0.702,0.496,0.575,1
270.6,0.236,100.0,5,0.264,0.843,2.2,0.54,0.365,0.953,1
328.7,0.835,99.2,3,0.308,0.611,2.0,0.454,0.767,0.939,1
224.4,0.447,81.1,7,0.496,0.852,1.3,0.245,0.56,0.842,1
78.5,0.291,68.3,5,0.173,0.684,4.2,0.591,0.66,0.606,0
70.4,0.861,71.0,6,0.681,0.686,5.7,0.035,0.837,0.775,1
63.0,0.319,77.7,6,0.487,0.909,13.6,0.556,0.507,0.755,1
25.6,0.456,66.1,4,0.875,0.956,3.5,0.576,0.623,0.573,1
232.0,0.868,90.5,3,0.612,0.898,10.2,0.433,0.679,0.66,1
343.8,0.169,43.5,8,0.112,0.609,1.5,0.245,0.847,0.498,1
218.5,0.885,67.9,1,0.453,0.769,2.2,0.138,0.589,0.527,1
0.0,0.675,83.2,4,0.099,0.976,3.4,0.148,0.434,0.631,1
199.0,0.844,60.2,7,0.332,0.633,1.6,0.23,0.306,0.941,1
202.1,0.602,68.6,6,0.285,0.87,4.6,0.579,0.53,0.866,1
450.6,0.757,80.3,2,0.187,0.547,1.2,0.679,0.902,0.571,1
59.7,0.764,93.3,5,0.248,0.476,4.0,0.601,0.597,0.852,1
177.0,0.316,53.9,2,0.251,0.556,3.8,0.633,0.69,0.605,0
407.6,0.906,52.8,9,0.246,0.652,5.1,0.492,0.736,0.713,1
269.5,0.289,58.8,2,0.889,0.971,9.6,0.661,0.84,0.772,1
282.0,0.836,50.5,5,0.36,0.839,2.3,0.618,0.456,0.9,1
232.6,0.571,51.5,7,0.479,0.418,12.1,0.737,0.803,0.832,1
256.3,0.935,58.4,6,0.045,0.873,7.8,0.495,0.759,0.865,1
305.5,0.479,89.3,5,0.137,0.628,5.0,0.178,0.339,0.751,1
131.0,0.538,67.6,8,0.467,0.602,1.3,0.318,0.518,0.897,1
316.6,0.841,72.4,3,0.328,0.775,4.5,0.904,0.861,0.593,1
69.0,0.559,58.6,7,0.325,0.63,1.5,0.484,0.558,0.525,0
256.1,0.785,80.9,6,0.119,0.821,6.0,0.268,0.587,0.784,1
239.7,0.937,98.3,6,0.15,0.812,2.8,0.68,0.413,0.569,1
152.2,0.963,59.6,5,0.269,0.537,8.9,0.644,0.353,0.388,0
217.5,0.749,96.1,3,0.619,0.895,9.1,0.869,0.867,0.765,1
151.5,0.241,77.1,6,0.283,0.543,6.4,0.79,0.793,0.82,0
102.1,0.472,72.2,7,0.278,0.568,1.7,0.876,0.679,0.762,1
181.1,0.092,77.6,1,0.581,0.638,3.1,0.244,0.631,0.971,1
98.6,0.558,77.5,4,0.133,0.428,9.2,0.832,0.602,0.939,1
255.5,0.985,98.0,4,0.17,0.97,17.1,0.688,0.806,0.886,1
93.5,0.822,79.3,7,0.139,0.628,2.6,0.486,0.399,0.55,1
298.3,0.821,79.6,6,0.422,0.762,4.5,0.602,0.794,0.618,1
90.0,0.359,66.1,5,0.565,0.908,2.7,0.409,0.785,0.912,1
157.7,0.662,83.7,5,0.219,0.609,1.8,0.165,0.804,0.943,1
151.3,0.573,58.6,5,0.345,0.564,2.1,0.614,0.975,0.704,1
365.8,0.328,73.5,7,0.785,0.792,3.9,0.868,0.649,0.834,1
256.3,0.906,100.0,4,0.392,0.56,0.9,0.138,0.761,0.803,1
196.7,0.265,36.9,3,0.546,0.907,8.0,0.441,0.561,0.928,1
274.9,0.304,75.3,3,0.267,0.827,3.3,0.517,0.668,0.447,1
0.0,0.618,75.8,4,0.081,0.694,4.8,0.343,0.328,0.932,1
215.3,0.5,68.8,4,0.356,0.865,4.7,0.872,0.609,0.756,1
439.7,0.32,69.1,4,0.277,0.686,3.3,0.948,0.699,0.9,1
234.6,0.376,73.3,1,0.478,0.909,2.6,0.422,0.482,0.657,0
227.5,0.759,68.5,3,0.604,0.778,2.3,0.387,0.538,0.748,1
280.3,0.936,75.1,2,0.511,0.689,7.7,0.657,0.463,0.719,1
318.5,0.601,65.2,6,0.216,0.157,1.3,0.493,0.539,0.784,1
0.3,0.698,100.0,2,0.028,0.58,6.4,0.483,0.77,0.408,1
34.9,0.631,68.5,2,0.152,0.935,6.6,0.501,0.738,0.926,1
243.1,0.592,80.0,6,0.116,0.597,2.3,0.198,0.352,0.622,1
141.4,0.844,62.6,6,0.231,0.842,2.9,0.568,0.494,0.906,1
364.3,0.17,85.1,1,0.049,0.494,5.0,0.9,0.188,0.772,1
185.3,0.509,82.3,3,0.188,0.41,4.7,0.184,0.931,0.537,1
7.2,0.247,77.9,6,0.21,0.556,7.7,0.452,0.529,0.342,0
80.5,0.599,57.6,4,0.198,0.966,6.7,0.62,0.774,0.591,1
0.0,0.612,61.5,3,0.321,0.706,2.1,0.341,0.6,0.671,0
194.2,0.561,95.6,4,0.39,0.741,9.0,0.346,0.64,0.876,1
199.3,0.901,61.3,10,0.353,0.617,2.8,0.673,0.712,0.675,1
173.3,0.786,81.0,7,0.26,0.515,1.2,0.404,0.817,0.966,1
338.7,0.11,58.8,1,0.398,0.641,0.9,0.326,0.628,0.626,1
351.8,0.635,86.1,6,0.401,0.817,6.2,0.397,0.967,0.926,1
201.3,0.836,62.4,3,0.059,0.394,14.5,0.832,0.495,0.75,1
0.0,0.695,58.5,5,0.231,0.968,2.0,0.565,0.165,0.713,1
287.9,0.909,62.0,4,0.131,0.827,0.8,0.108,0.659,0.979,1
281.1,0.642,64.2,1,0.126,0.884,5.8,0.622,0.96,0.71,1
254.0,0.825,77.7,8,0.145,0.79,1.6,0.458,0.431,0.588,1
328.0,0.639,73.0,4,0.583,0.868,7.2,0.543,0.294,0.55,1
91.9,0.592,56.7,5,0.713,0.914,3.4,0.197,0.469,0.87,0
441.0,0.59,71.6,2,0.239,0.678,2.1,0.698,0.36,0.715,1
114.5,0.414,56.0,6,0.196,0.763,3.5,0.482,0.686,0.792,1
302.4,0.326,81.0,6,0.578,0.521,10.3,0.287,0.312,0.864,0
34.4,0.643,83.6,6,0.594,0.835,0.7,0.289,0.224,0.379,1
117.7,0.391,71.7,4,0.321,0.401,7.4,0.435,0.677,0.509,1
386.8,0.786,75.8,8,0.358,0.66,7.8,0.387,0.616,0.569,1
191.3,0.887,96.5,5,0.516,0.653,2.8,0.472,0.429,0.769,1
312.4,0.289,69.8,9,0.639,0.752,6.0,0.609,0.337,0.957,0
246.1,0.151,58.8,2,0.48,0.775,5.0,0.129,0.227,0.69,1
208.5,0.249,80.1,3,0.131,0.46,7.8,0.672,0.654,0.657,0
370.0,0.566,56.1,4,0.633,0.891,3.5,0.892,0.478,0.858,1
194.0,0.829,69.1,7,0.099,0.572,1.2,0.544,0.272,0.63,1
24.1,0.798,63.6,5,0.562,0.77,9.3,0.225,0.326,0.617,1
131.6,0.242,62.2,1,0.261,0.731,2.2,0.222,0.422,0.698,0
280.6,0.638,68.5,5,0.148,0.459,2.8,0.699,0.576,0.67,1
263.5,0.469,84.6,14,0.331,0.55,3.2,0.573,0.17,0.768,1
47.6,0.548,87.5,7,0.431,0.779,8.5,0.229,0.61,0.974,1
140.3,0.486,85.0,6,0.294,0.88,13.1,0.171,0.784,0.834,1
156.0,0.58,76.7,7,0.659,0.628,3.0,0.192,0.563,0.483,1
179.8,0.642,68.4,4,0.868,0.673,3.1,0.631,0.298,0.888,1
68.6,0.52,39.0,1,0.405,0.52,4.8,0.278,0.691,0.581,1
150.9,0.499,77.1,10,0.169,0.802,1.7,0.227,0.242,0.808,1
139.9,0.924,40.1,6,0.252,0.981,5.8,0.541,0.505,0.807,1
304.9,0.878,45.1,6,0.072,0.842,5.9,0.554,0.369,0.731,1
309.0,0.809,69.7,4,0.516,0.889,4.9,0.267,0.831,0.949,1
204.0,0.579,75.7,1,0.102,0.622,1.3,0.301,0.16,0.898,1
176.9,0.594,65.7,9,0.062,0.8,12.8,0.534,0.687,0.601,1
235.4,0.437,93.5,4,0.238,0.609,6.2,0.314,0.362,0.755,0
130.2,0.397,78.5,6,0.19,0.533,11.6,0.348,0.309,0.528,0
93.8,0.742,68.5,5,0.078,0.485,1.4,0.859,0.931,0.775,1
116.6,0.796,91.4,6,0.394,0.955,2.0,0.712,0.713,0.908,1
150.2,0.52,93.9,6,0.305,0.527,2.3,0.84,0.542,0.603,1
92.0,0.173,79.2,5,0.316,0.673,13.2,0.138,0.602,0.561,0
237.8,0.619,61.1,3,0.483,0.713,4.7,0.414,0.401,0.822,1
300.3,0.38,64.3,10,0.23,0.357,4.0,0.368,0.593,0.592,1
45.4,0.599,51.7,6,0.319,0.826,0.4,0.414,0.746,0.807,1
222.8,0.46,71.4,2,0.24,0.703,3.1,0.392,0.621,0.69,1
195.8,0.478,57.3,3,0.13,0.699,3.5,0.517,0.811,0.78,0
257.6,0.877,67.4,6,0.409,0.753,5.1,0.915,0.469,0.629,1
218.6,0.214,75.6,1,0.605,0.803,13.3,0.303,0.759,0.498,1
60.1,0.59,44.2,1,0.41,0.981,10.1,0.104,0.864,0.581,0
81.1,0.498,54.3,2,0.57,0.64,3.4,0.273,0.483,0.721,1
223.2,0.3,64.9,7,0.129,0.846,1.9,0.585,0.262,0.981,1
333.2,0.58,71.3,4,0.281,0.906,3.3,0.279,0.629,0.716,1
0.0,0.461,65.1,6,0.238,0.926,4.4,0.472,0.593,0.559,0
258.0,0.69,68.2,4,0.779,0.781,6.0,0.423,0.351,0.746,1
350.9,0.602,62.1,4,0.222,0.775,0.2,0.449,0.604,0.77,1
203.2,0.762,51.7,8,0.321,0.869,3.4,0.384,0.305,0.884,1
280.5,0.588,64.5,1,0.51,0.805,3.6,0.856,0.863,0.583,1
142.7,0.811,69.0,3,0.364,0.352,3.3,0.813,0.725,0.893,1
206.9,0.546,67.7,2,0.195,0.741,13.2,0.661,0.432,0.424,1
41.7,0.488,73.6,2,0.292,0.917,3.7,0.551,0.241,0.96,1
0.0,0.661,77.9,5,0.1,0.867,4.1,0.661,0.4,0.599,0
323.7,0.501,81.5,4,0.015,0.931,12.3,0.723,0.439,0.968,1
111.7,0.445,63.1,3,0.238,0.888,10.0,0.381,0.278,0.676,0
169.9,0.436,49.9,4,0.273,0.756,9.1,0.387,0.356,0.4,0
67.5,0.74,89.8,7,0.159,0.593,4.9,0.253,0.685,0.58,1
64.9,0.779,77.4,5,0.599,0.505,2.9,0.268,0.762,0.549,1
200.9,0.395,58.6,1,0.274,0.83,1.8,0.567,0.632,0.839,0
139.7,0.94,75.9,3,0.057,0.555,7.8,0.339,0.483,0.98,0
261.6,0.178,87.0,4,0.234,0.796,11.6,0.637,0.805,0.904,1
269.8,0.455,96.2,3,0.119,0.575,6.1,0.534,0.608,0.602,1
255.3,0.335,75.5,4,0.423,0.499,1.6,0.557,0.786,0.722,1
246.2,0.699,86.8,3,0.592,0.702,4.6,0.869,0.666,0.626,1
393.6,0.359,55.1,4,0.166,0.412,8.9,0.516,0.615,0.633,1
102.6,0.826,71.5,4,0.27,0.708,2.0,0.12,0.893,0.915,1
214.0,0.592,67.3,4,0.297,0.56,2.1,0.242,0.467,0.634,1
344.6,0.487,76.8,2,0.521,0.601,5.8,0.584,0.67,0.643,1
359.1,0.87,94.6,2,0.39,0.954,6.1,0.257,0.39,0.725,1
63.6,0.216,75.5,4,0.291,0.641,5.6,0.228,0.405,0.941,0
185.6,0.654,58.9,10,0.21,0.617,9.7,0.071,0.801,0.61,1
369.4,0.296,54.3,8,0.23,0.612,4.0,0.484,0.422,0.791,0
275.9,0.56,95.0,3,0.145,0.933,2.7,0.713,0.456,0.503,1
241.5,0.738,79.2,11,0.089,0.891,7.4,0.927,0.288,0.923,1
196.1,0.519,78.3,6,0.266,0.732,15.1,0.708,0.747,0.844,1
177.8,0.69,67.2,5,0.795,0.779,2.9,0.462,0.668,0.596,1
251.7,0.19,75.8,6,0.823,0.852,6.8,0.349,0.405,0.662,0
192.2,0.593,58.2,6,0.31,0.864,10.5,0.172,0.548,0.934,0
215.3,0.788,77.4,6,0.504,0.701,5.2,0.551,0.209,0.533,1
228.6,0.482,55.6,6,0.391,0.424,1.7,0.7,0.385,0.912,0
145.4,0.647,67.0,4,0.638,0.839,5.3,0.589,0.288,0.964,1
278.5,0.535,63.0,5,0.398,0.888,5.9,0.151,0.61,0.832,1
540.6,0.851,26.4,3,0.153,0.757,3.4,0.432,0.462,0.507,1
24.5,0.169,67.1,5,0.177,0.449,3.4,0.377,0.95,0.738,0
255.6,0.733,59.4,5,0.117,0.541,1.3,0.654,0.686,0.591,1
136.4,0.88,69.1,4,0.207,0.53,2.4,0.58,0.233,0.848,1
283.5,0.484,72.0,3,0.602,0.56,2.6,0.313,0.631,0.955,1
225.1,0.563,96.8,7,0.282,0.737,2.1,0.565,0.815,0.541,1
303.8,0.495,76.3,4,0.696,0.854,3.9,0.167,0.415,0.51,1
349.3,0.778,76.7,4,0.133,0.56,8.2,0.252,0.632,0.54,1
241.2,0.779,78.9,4,0.203,0.606,2.6,0.165,0.552,0.794,1
344.5,0.678,84.2,6,0.328,0.807,11.0,0.305,0.414,0.864,1
0.0,0.749,78.4,3,0.575,0.719,5.7,0.439,0.409,0.724,1
394.9,0.273,75.9,4,0.156,0.677,18.3,0.673,0.51,0.688,0
261.3,0.291,82.0,3,0.17,0.95,6.8,0.261,0.596,0.504,1
338.6,0.801,38.0,4,0.524,0.469,1.1,0.752,0.613,0.503,0
85.8,0.682,100.0,4,0.29,0.681,9.8,0.889,0.769,0.732,1
128.6,0.065,94.3,1,0.342,0.729,0.7,0.268,0.661,0.887,1
236.1,0.614,75.0,7,0.342,0.663,0.9,0.331,0.763,0.517,1
218.1,0.355,52.2,4,0.497,0.724,8.2,0.245,0.684,0.939,0
251.1,0.214,88.9,4,0.456,0.788,13.9,0.851,0.697,0.836,1
339.3,0.41,62.3,7,0.44,0.719,13.9,0.617,0.68,0.524,0
25.8,0.895,79.5,6,0.567,0.113,5.3,0.317,0.685,0.608,0
327.1,0.229,54.0,5,0.41,0.877,3.3,0.525,0.758,0.979,1
220.9,0.451,100.0,5,0.484,0.582,4.0,0.48,0.469,0.704,1
197.6,0.425,51.8,2,0.294,0.697,4.0,0.726,0.751,0.594,1
58.2,0.639,73.0,4,0.12,0.439,4.6,0.458,0.95,0.844,1
275.3,0.133,42.3,4,0.164,0.768,2.3,0.693,0.505,0.731,0
0.0,0.443,71.4,4,0.226,0.875,4.4,0.335,0.36,0.727,1
291.3,0.737,66.0,3,0.42,0.561,2.9,0.354,0.398,0.609,1
55.9,0.405,87.9,5,0.207,0.56,2.1,0.499,0.728,0.751,1
225.9,0.773,66.0,4,0.198,0.863,11.3,0.573,0.372,0.838,1
206.9,0.572,87.9,5,0.029,0.695,6.1,0.169,0.246,0.612,1
348.6,0.47,57.7,4,0.225,0.724,6.0,0.074,0.48,0.528,1
200.3,0.296,68.1,8,0.334,0.775,4.6,0.454,0.878,0.366,1
143.6,0.781,68.3,4,0.46,0.67,2.3,0.729,0.244,0.413,1
164.3,0.668,78.9,5,0.346,0.859,4.3,0.481,0.923,0.521,1
360.0,0.715,77.2,7,0.204,0.762,13.6,0.25,0.822,0.98,1
279.0,0.357,82.1,4,0.587,0.889,6.1,0.201,0.813,0.868,1
177.6,0.194,75.7,2,0.876,0.495,3.9,0.334,0.669,0.893,0
194.0,0.38,81.3,2,0.566,0.606,5.5,0.242,0.467,0.73,1
47.6,0.471,59.4,3,0.567,0.916,3.3,0.255,0.842,0.802,1
262.7,0.481,77.4,2,0.054,0.976,3.2,0.376,0.203,0.417,1
26.4,0.69,94.5,5,0.56,0.681,8.5,0.153,0.482,0.893,1
302.7,0.434,48.5,5,0.266,0.222,4.7,0.379,0.423,0.869,1
234.1,0.945,78.8,6,0.364,0.496,6.3,0.792,0.472,0.807,1
482.6,0.912,81.5,11,0.296,0.542,4.5,0.289,0.745,0.762,1
99.0,0.443,92.5,6,0.516,0.409,7.2,0.393,0.721,0.878,1
208.7,0.344,82.2,6,0.455,0.98,3.1,0.708,0.561,0.969,1
417.8,0.098,73.4,7,0.542,0.771,3.5,0.529,0.896,0.673,1
351.1,0.648,78.0,6,0.038,0.637,12.8,0.434,0.525,0.955,1
143.4,0.428,61.7,1,0.353,0.794,0.9,0.102,0.266,0.883,1
244.6,0.76,66.6,4,0.27,0.654,7.1,0.38,0.723,0.946,1
220.2,0.646,53.3,6,0.363,0.68,5.0,0.169,0.573,0.657,1
251.0,0.345,92.8,8,0.416,0.869,3.7,0.42,0.706,0.752,1
143.1,0.367,78.3,6,0.271,0.851,2.4,0.302,0.515,0.477,1
210.2,0.533,59.2,9,0.18,0.879,9.4,0.687,0.925,0.672,1
44.2,0.262,75.8,3,0.188,0.549,13.8,0.449,0.766,0.681,1
234.9,0.09,88.2,6,0.45,0.489,3.5,0.754,0.517,0.659,1
269.5,0.821,85.9,9,0.67,0.793,6.6,0.625,0.336,0.656,1
195.0,0.865,59.0,5,0.535,0.747,6.5,0.767,0.664,0.735,1
42.3,0.298,28.1,4,0.4,0.462,6.8,0.731,0.502,0.527,0
328.7,0.69,77.5,2,0.632,0.785,1.6,0.387,0.72,0.853,1
260.1,0.83,59.6,6,0.135,0.745,8.8,0.629,0.12,0.795,0
140.1,0.378,80.7,7,0.022,0.777,1.1,0.627,0.649,0.695,1
189.1,0.384,85.3,2,0.176,0.796,6.4,0.368,0.482,0.986,1
54.9,0.712,87.6,3,0.117,0.772,10.1,0.254,0.573,0.508,1
107.2,0.009,96.4,4,0.594,0.889,3.0,0.517,0.944,0.645,1
160.8,0.941,89.3,3,0.579,0.683,4.9,0.785,0.604,0.702,1
355.1,0.079,96.5,6,0.396,0.466,7.3,0.595,0.768,0.831,1
149.7,0.6,91.3,5,0.444,0.73,3.6,0.48,0.575,0.925,1
290.4,0.941,92.5,6,0.353,0.681,2.2,0.432,0.513,0.741,1
160.8,0.662,71.4,7,0.494,0.498,6.8,0.352,0.618,0.593,1
247.3,0.549,53.9,2,0.597,0.77,1.8,0.318,0.886,0.901,1
204.4,0.521,100.0,1,0.399,0.89,0.7,0.473,0.401,0.325,1
316.0,0.213,72.9,7,0.259,0.882,4.7,0.461,0.428,0.864,1
161.2,0.82,89.2,2,0.294,0.983,3.6,0.123,0.874,0.482,1
47.0,0.647,64.3,9,0.24,0.96,6.8,0.827,0.344,0.801,0
68.0,0.934,85.5,7,0.253,0.859,5.0,0.544,0.627,0.905,1
161.5,0.227,37.8,6,0.624,0.583,15.3,0.553,0.518,0.496,0
82.6,0.636,66.3,4,0.661,0.88,9.7,0.402,0.583,0.6,0
265.1,0.665,70.6,4,0.717,0.843,5.4,0.567,0.959,0.707,1
168.8,0.601,78.5,5,0.517,0.877,8.9,0.184,0.437,0.644,1
481.2,0.335,87.0,3,0.182,0.653,10.6,0.665,0.62,0.949,1
28.9,0.826,56.7,6,0.148,0.554,10.6,0.777,0.333,0.88,0
242.4,0.382,81.2,2,0.318,0.82,2.0,0.079,0.248,0.83,1
95.9,0.41,89.2,4,0.29,0.386,2.4,0.427,0.26,0.712,1
165.7,0.712,100.0,6,0.628,0.678,11.9,0.442,0.929,0.754,1
235.6,0.623,81.9,3,0.416,0.928,4.8,0.292,0.256,0.552,1
0.0,0.717,65.6,5,0.25,0.662,5.0,0.421,0.365,0.662,0
246.1,0.595,54.2,5,0.631,0.456,6.2,0.258,0.257,0.756,1
429.3,0.118,97.6,6,0.143,0.766,4.1,0.642,0.555,0.893,1
170.1,0.359,82.3,2,0.649,0.48,12.6,0.239,0.513,0.925,1
248.6,0.272,71.7,4,0.257,0.891,5.7,0.545,0.812,0.91,1
332.7,0.87,49.3,4,0.73,0.665,8.3,0.75,0.862,0.75,1
202.0,0.052,59.0,3,0.155,0.749,3.4,0.772,0.126,0.483,0
156.1,0.645,80.8,3,0.256,0.56,3.8,0.801,0.775,0.991,1
0.0,0.1,77.0,4,0.403,0.809,2.3,0.239,0.248,0.941,0
290.5,0.357,44.8,6,0.635,0.587,7.6,0.196,0.617,0.677,1
207.6,0.269,80.9,5,0.213,0.561,4.3,0.019,0.633,0.412,1
108.6,0.669,50.0,2,0.082,0.903,7.7,0.45,0.881,0.731,0
233.9,0.534,91.0,3,0.35,0.661,7.2,0.579,0.689,0.284,1
155.8,0.863,74.9,2,0.088,0.878,2.1,0.567,0.124,0.903,1
161.9,0.379,65.5,3,0.11,0.587,3.9,0.157,0.439,0.454,1
286.7,0.52,85.9,2,0.613,0.783,1.9,0.532,0.439,0.625,1
72.8,0.3,76.9,6,0.673,0.794,2.2,0.628,0.742,0.668,1
335.2,0.907,90.5,10,0.131,0.843,1.8,0.402,0.364,0.793,1
66.3,0.755,73.1,4,0.132,0.829,2.5,0.725,0.548,0.565,0
147.1,0.614,73.9,5,0.2,0.863,2.8,0.147,0.618,0.63,1
431.5,0.61,68.0,6,0.733,0.829,17.4,0.208,0.639,0.517,1
344.0,0.415,75.7,6,0.474,0.76,3.6,0.389,0.252,0.89,1
230.7,0.24,95.8,1,0.238,0.733,8.0,0.391,0.766,0.8,1
116.5,0.057,65.0,2,0.66,0.814,6.5,0.374,0.348,0.746,1
161.8,0.383,81.1,3,0.611,0.632,5.7,0.296,0.462,0.748,1
228.1,0.026,59.7,4,0.231,0.755,8.6,0.833,0.789,0.889,0
224.1,0.401,43.1,3,0.845,0.696,5.4,0.498,0.725,0.864,1
210.0,0.681,74.9,6,0.186,0.459,2.3,0.804,0.698,0.74,1
216.6,0.71,77.2,4,0.354,0.756,6.1,0.257,0.84,0.589,1
196.4,0.766,70.5,3,0.306,0.609,7.1,0.732,0.683,0.822,1
61.4,0.56,51.1,3,0.626,0.677,1.9,0.468,0.451,0.709,0
163.2,0.822,76.3,4,0.219,0.872,5.3,0.251,0.411,0.98,1
320.6,0.22,75.7,2,0.7,0.836,8.4,0.326,0.23,0.695,1
69.5,0.557,59.6,9,0.032,0.821,4.5,0.268,0.741,0.825,0
199.1,0.733,53.1,4,0.414,0.637,14.1,0.429,0.605,0.862,1
129.8,0.449,68.5,7,0.524,0.601,2.9,0.376,0.32,0.716,1
232.2,0.696,81.1,5,0.48,0.322,3.7,0.523,0.679,0.63,0
177.3,0.72,77.8,5,0.22,0.569,6.3,0.475,0.649,0.981,1
382.5,0.444,59.7,6,0.148,0.497,3.1,0.316,0.361,0.755,1
275.7,0.12,73.9,4,0.282,0.598,3.0,0.433,0.871,0.441,1
75.7,0.783,84.4,2,0.562,0.927,10.1,0.517,0.953,0.946,1
293.8,0.823,55.6,2,0.353,0.593,3.7,0.559,0.629,0.953,1
134.8,0.516,72.9,5,0.511,0.588,8.4,0.363,0.095,0.697,0
156.5,0.784,90.8,4,0.288,0.69,2.1,0.726,0.701,0.488,1
254.5,0.357,54.2,5,0.304,0.475,3.7,0.742,0.514,0.978,1
165.9,0.788,88.2,6,0.123,0.977,3.6,0.702,0.552,0.91,1
318.2,0.572,94.7,2,0.689,0.293,3.7,0.321,0.281,0.678,1
134.8,0.657,68.9,4,0.685,0.801,2.1,0.194,0.606,0.633,1
151.9,0.311,67.2,4,0.849,0.599,3.4,0.283,0.531,0.839,1
147.8,0.43,86.5,5,0.63,0.706,4.5,0.57,0.581,0.615,1
157.8,0.181,69.4,5,0.267,0.833,1.0,0.642,0.384,0.682,1
340.9,0.579,39.1,3,0.445,0.968,3.0,0.108,0.915,0.486,1
289.2,0.964,70.6,4,0.312,0.851,6.2,0.864,0.837,0.962,1
408.1,0.18,78.6,2,0.611,0.816,2.6,0.566,0.662,0.708,0
469.4,0.11,82.4,4,0.155,0.746,5.2,0.534,0.771,0.951,1
106.6,0.91,59.7,4,0.824,0.795,2.5,0.604,0.748,0.55,0
227.7,0.747,68.2,7,0.693,0.803,4.2,0.018,0.513,0.629,1
90.6,0.492,85.7,5,0.394,0.678,0.7,0.277,0.895,0.64,1
134.5,0.201,71.2,2,0.432,0.858,6.1,0.564,0.866,0.771,1
150.7,0.398,50.6,6,0.334,0.434,3.1,0.237,0.712,0.828,1
103.7,0.446,89.3,5,0.458,0.761,7.8,0.591,0.345,0.613,1
104.3,0.616,69.0,6,0.485,0.805,3.9,0.284,0.653,0.931,1
204.1,0.786,87.3,4,0.288,0.586,3.3,0.107,0.649,0.722,1
86.2,0.44,52.5,10,0.166,0.782,2.7,0.09,0.802,0.648,1
312.6,0.847,70.3,3,0.325,0.59,3.0,0.596,0.383,0.548,1
119.0,0.578,79.1,4,0.448,0.934,2.9,0.682,0.692,0.671,0
529.1,0.386,70.8,3,0.309,0.812,2.4,0.826,0.386,0.896,1
170.3,0.346,55.4,5,0.354,0.953,2.6,0.708,0.138,0.659,1
227.9,0.188,38.6,4,0.265,0.698,13.6,0.799,0.173,0.73,0
77.5,0.765,93.3,2,0.103,0.845,4.0,0.142,0.223,0.539,1
407.7,0.253,75.5,7,0.233,0.553,1.0,0.722,0.587,0.792,1
343.1,0.499,88.3,5,0.268,0.897,1.0,0.621,0.716,0.503,1
252.7,0.766,85.0,3,0.45,0.787,13.8,0.752,0.521,0.439,1
71.9,0.135,80.4,4,0.171,0.877,3.9,0.19,0.847,0.905,0
243.2,0.453,67.5,1,0.305,0.362,1.8,0.782,0.516,0.926,1
96.6,0.501,78.9,6,0.62,0.491,8.4,0.552,0.678,0.614,0
380.9,0.446,92.1,3,0.668,0.447,2.7,0.706,0.805,0.548,1
309.0,0.835,73.2,4,0.584,0.752,4.4,0.459,0.736,0.752,1
230.5,0.406,98.6,6,0.321,0.782,4.9,0.918,0.729,0.92,1
0.0,0.507,51.0,5,0.164,0.669,1.9,0.538,0.876,0.933,1
111.8,0.901,49.5,3,0.506,0.903,2.7,0.12,0.207,0.82,0
295.7,0.804,85.8,8,0.084,0.934,6.8,0.508,0.372,0.932,1
353.4,0.476,60.5,3,0.673,0.852,10.2,0.237,0.478,0.835,1
342.0,0.744,100.0,5,0.261,0.595,7.2,0.737,0.603,0.91,1
44.9,0.193,90.7,3,0.626,0.933,5.4,0.38,0.605,0.716,1
253.2,0.537,94.2,5,0.113,0.605,3.2,0.225,0.596,0.774,1
331.7,0.651,84.4,1,0.382,0.649,5.9,0.932,0.371,0.619,1
37.6,0.985,59.1,3,0.551,0.884,6.6,0.285,0.724,0.595,0
219.1,0.178,48.8,3,0.162,0.49,10.0,0.633,0.485,0.707,0
250.1,0.871,92.9,7,0.493,0.724,4.2,0.159,0.226,0.79,1
186.9,0.715,51.0,5,0.14,0.597,16.7,0.686,0.672,0.908,1
16.3,0.158,94.2,7,0.443,0.786,8.0,0.249,0.511,0.783,1
184.2,0.572,81.4,6,0.066,0.558,3.9,0.409,0.825,0.855,1
184.0,0.861,70.9,6,0.484,0.554,9.0,0.844,0.187,0.646,1
203.7,0.59,78.2,8,0.517,0.835,3.3,0.568,0.685,0.861,1
158.0,0.841,78.5,5,0.217,0.443,2.7,0.611,0.414,0.919,1
171.3,0.612,69.2,5,0.316,0.929,1.0,0.395,0.35,0.866,1
215.6,0.533,92.0,3,0.243,0.637,13.4,0.663,0.416,0.514,1
268.7,0.096,91.5,6,0.34,0.709,3.3,0.216,0.736,0.575,1
186.5,0.732,74.2,4,0.16,0.824,6.6,0.632,0.926,0.776,1
174.9,0.646,63.6,8,0.543,0.657,8.0,0.327,0.507,0.686,1
230.2,0.893,90.3,4,0.432,0.885,3.4,0.689,0.314,0.833,1
8.7,0.894,43.7,2,0.645,0.993,3.6,0.535,0.779,0.87,0
272.5,0.424,78.2,5,0.175,0.774,1.0,0.693,0.717,0.272,1
219.9,0.741,82.4,1,0.534,0.909,2.0,0.191,0.389,0.376,1
224.4,0.503,60.4,5,0.332,0.78,1.3,0.468,0.451,0.448,1
325.7,0.462,85.6,4,0.482,0.864,15.5,0.478,0.581,0.635,1
5.2,0.625,71.6,5,0.838,0.76,3.8,0.407,0.62,0.369,1
2.9,0.54,64.4,4,0.569,0.615,2.6,0.275,0.683,0.909,1
250.1,0.395,85.5,6,0.083,0.515,3.1,0.353,0.338,0.705,1
219.2,0.68,56.8,2,0.021,0.467,4.3,0.35,0.737,0.811,1
238.7,0.668,84.2,3,0.411,0.952,2.3,0.41,0.543,0.991,1
169.2,0.89,44.2,5,0.251,0.307,6.4,0.441,0.931,0.423,1
293.1,0.608,76.0,4,0.106,0.913,8.0,0.712,0.234,0.868,1
322.6,0.291,72.6,5,0.659,0.599,3.8,0.679,0.7,0.349,1
273.2,0.734,64.4,6,0.392,0.646,2.8,0.83,0.632,0.586,1
191.3,0.63,77.5,3,0.259,0.616,3.3,0.826,0.659,0.694,1
0.0,0.401,70.9,5,0.223,0.613,2.0,0.211,0.27,0.72,0
304.6,0.506,86.8,6,0.139,0.871,3.6,0.335,0.586,0.666,1
354.4,0.271,79.8,4,0.349,0.727,6.9,0.163,0.572,0.751,1
290.9,0.484,78.3,6,0.332,0.759,11.6,0.265,0.659,0.991,1
123.2,0.436,76.1,5,0.602,0.897,5.4,0.137,0.296,0.94,0
294.1,0.723,65.4,6,0.447,0.392,6.8,0.478,0.478,0.88,1
314.7,0.146,67.8,5,0.598,0.631,3.9,0.128,0.814,0.74,1
391.5,0.821,75.5,1,0.336,0.83,8.6,0.556,0.903,0.758,0
123.6,0.267,69.6,8,0.365,0.941,2.4,0.213,0.546,0.782,1
195.1,0.683,87.6,5,0.257,0.334,1.6,0.514,0.377,0.725,1
302.2,0.306,73.3,8,0.163,0.59,3.8,0.635,0.317,0.22,1
226.3,0.875,77.3,3,0.094,0.795,5.8,0.566,0.136,0.517,1
97.1,0.787,52.4,4,0.462,0.514,1.5,0.316,0.345,0.267,1
265.6,0.927,85.2,5,0.482,0.928,12.9,0.156,0.719,0.864,1
283.7,0.859,63.9,5,0.583,0.813,2.1,0.745,0.639,0.828,1
229.7,0.194,57.4,5,0.32,0.548,3.1,0.372,0.859,0.777,1
244.2,0.602,95.0,4,0.483,0.449,5.9,0.575,0.202,0.885,1
191.5,0.563,81.8,6,0.569,0.732,5.3,0.498,0.733,0.83,1
382.6,0.88,85.7,3,0.218,0.743,8.8,0.26,0.25,0.587,1
120.9,0.597,78.4,5,0.566,0.848,7.0,0.577,0.812,0.725,1
155.4,0.58,70.7,6,0.182,0.542,2.1,0.845,0.795,0.607,1
221.2,0.326,68.1,0,0.18,0.962,3.2,0.443,0.506,0.946,1
316.7,0.887,82.9,2,0.518,0.438,6.2,0.575,0.647,0.597,1
55.3,0.06,87.9,8,0.475,0.51,3.9,0.494,0.836,0.623,0
75.9,0.597,71.0,4,0.248,0.498,2.1,0.274,0.893,0.882,1
0.0,0.299,100.0,6,0.093,0.453,0.7,0.565,0.296,0.923,1
223.6,0.545,69.2,4,0.07,0.963,10.1,0.681,0.459,0.872,1
97.0,0.317,52.5,3,0.444,0.796,3.0,0.239,0.679,0.946,1
177.7,0.263,47.9,4,0.181,0.828,6.2,0.418,0.26,0.683,0
292.8,0.443,48.4,3,0.277,0.872,2.2,0.307,0.691,0.606,1
149.4,0.677,66.2,3,0.873,0.784,5.4,0.573,0.272,0.362,1
245.4,0.654,68.8,4,0.077,0.568,0.9,0.813,0.298,0.802,1
187.1,0.525,81.6,5,0.196,0.859,2.2,0.65,0.732,0.766,1
293.9,0.451,71.6,4,0.443,0.743,3.4,0.525,0.818,0.551,1
272.3,0.767,83.8,5,0.421,0.816,2.4,0.701,0.933,0.524,1
143.9,0.484,72.6,4,0.285,0.628,2.7,0.254,0.514,0.791,1
201.4,0.801,72.2,4,0.064,0.575,7.2,0.826,0.828,0.906,1
334.8,0.4,63.9,3,0.321,0.789,3.0,0.648,0.82,0.668,1
263.3,0.747,91.9,5,0.626,0.957,1.9,0.731,0.846,0.551,1
66.3,0.344,50.6,3,0.357,0.631,3.1,0.333,0.704,0.532,1
292.1,0.844,76.2,6,0.099,0.616,0.7,0.387,0.378,0.722,1
100.7,0.716,69.5,6,0.217,0.521,3.5,0.449,0.561,0.728,1
375.4,0.75,82.9,5,0.638,0.9,3.3,0.033,0.486,0.391,1
332.7,0.315,71.7,2,0.754,0.911,3.5,0.581,0.64,0.988,1
251.9,0.372,72.1,6,0.446,0.552,1.4,0.676,0.476,0.602,0
237.3,0.36,68.3,2,0.331,0.357,4.9,0.748,0.231,0.685,1
197.0,0.22,91.5,5,0.539,0.468,3.7,0.287,0.554,0.473,1
294.6,0.289,72.0,2,0.224,0.884,9.9,0.575,0.568,0.756,1
179.2,0.536,99.6,3,0.493,0.947,7.6,0.659,0.391,0.622,1
245.9,0.433,75.8,5,0.202,0.896,2.2,0.511,0.804,0.758,1
315.9,0.45,72.3,4,0.173,0.67,2.2,0.055,0.431,0.875,1
158.2,0.38,70.0,3,0.069,0.577,7.7,0.63,0.508,0.821,1
152.2,0.465,79.9,3,0.551,0.838,1.9,0.312,0.538,0.958,1
88.6,0.624,63.8,1,0.305,0.564,2.0,0.255,0.387,0.409,1
102.9,0.339,74.0,4,0.4,0.789,5.2,0.766,0.437,0.524,0
18.9,0.568,72.1,11,0.51,0.92,2.7,0.441,0.715,0.861,1
300.3,0.24,76.6,3,0.358,0.748,5.2,0.638,0.486,0.878,1
419.0,0.335,76.9,4,0.606,0.974,0.9,0.249,0.827,0.743,1
376.8,0.708,77.6,4,0.047,0.839,3.1,0.109,0.586,0.909,1
41.1,0.453,73.3,6,0.407,0.841,8.3,0.134,0.799,0.453,1
299.7,0.178,94.0,1,0.46,0.691,2.1,0.427,0.639,0.962,1
376.4,0.821,77.9,5,0.483,0.615,2.8,0.386,0.633,0.448,1
169.8,0.766,100.0,8,0.539,0.838,3.5,0.405,0.686,0.834,1
231.2,0.757,72.7,1,0.228,0.205,2.9,0.229,0.492,0.785,1
0.0,0.866,85.4,4,0.132,0.781,0.9,0.336,0.607,0.618,0
249.3,0.88,61.8,7,0.465,0.961,7.8,0.805,0.918,0.824,1
103.0,0.843,91.6,4,0.395,0.632,3.7,0.278,0.388,0.644,1
242.0,0.527,62.1,4,0.439,0.807,5.5,0.214,0.388,0.898,1
48.3,0.684,78.4,4,0.142,0.499,8.6,0.705,0.848,0.604,1
279.7,0.367,68.3,8,0.375,0.802,2.8,0.329,0.66,0.846,1
332.7,0.68,78.3,2,0.48,0.73,5.0,0.489,0.499,0.852,0
133.9,0.668,68.7,1,0.514,0.422,0.2,0.286,0.682,0.553,1
94.9,0.129,61.0,2,0.187,0.694,0.5,0.326,0.585,0.846,0
0.0,0.269,68.2,1,0.336,0.803,4.0,0.731,0.606,0.961,0
190.7,0.143,93.6,3,0.538,0.232,1.2,0.958,0.415,0.84,1
156.0,0.28,78.5,3,0.265,0.949,5.6,0.908,0.257,0.923,1
49.4,0.683,54.0,4,0.688,0.834,6.3,0.382,0.852,0.831,1
269.8,0.774,87.3,5,0.116,0.433,2.4,0.52,0.675,0.597,1
170.5,0.647,59.5,2,0.251,0.88,6.0,0.108,0.246,0.946,1
101.7,0.336,82.4,2,0.564,0.621,3.2,0.884,0.855,0.196,0
159.0,0.602,79.7,3,0.401,0.678,9.5,0.41,0.562,0.808,1
337.8,0.126,80.6,5,0.299,0.66,1.5,0.29,0.953,0.84,1
286.3,0.595,97.9,3,0.473,0.835,3.6,0.539,0.558,0.786,1
205.7,0.598,60.4,2,0.336,0.827,4.8,0.345,0.571,0.878,1
288.1,0.802,80.6,7,0.275,0.507,6.9,0.043,0.563,0.791,1
92.3,0.164,89.6,7,0.552,0.743,6.6,0.46,0.596,0.86,1
223.6,0.729,63.0,3,0.172,0.782,3.0,0.654,0.366,0.805,1
236.2,0.493,61.6,6,0.727,0.767,3.3,0.229,0.794,0.911,0
168.3,0.768,68.0,2,0.049,0.705,2.1,0.596,0.34,0.912,1
267.9,0.486,76.5,5,0.208,0.9,8.9,0.331,0.459,0.773,1
134.2,0.795,52.3,7,0.403,0.537,11.4,0.243,0.539,0.639,1
276.1,0.155,79.7,8,0.292,0.716,0.8,0.317,0.553,0.86,1
280.7,0.679,52.3,7,0.641,0.91,7.7,0.438,0.116,0.977,0
0.0,0.511,90.1,5,0.877,0.682,6.3,0.781,0.653,0.897,0
350.9,0.673,79.2,5,0.052,0.946,0.4,0.381,0.92,0.778,1
0.0,0.974,98.8,6,0.322,0.801,7.2,0.757,0.593,0.735,1
152.2,0.616,81.4,7,0.211,0.953,9.8,0.686,0.751,0.682,0
332.8,0.612,67.7,5,0.64,0.907,6.8,0.757,0.655,0.922,1
185.1,0.816,60.8,5,0.154,0.891,1.9,0.105,0.371,0.723,1
58.7,0.61,75.3,3,0.414,0.823,12.6,0.768,0.14,0.965,1
99.7,0.361,71.6,3,0.274,0.983,8.0,0.449,0.382,0.78,0
333.0,0.359,88.6,6,0.175,0.424,2.0,0.882,0.09,0.978,1
8.6,0.926,59.0,4,0.218,0.888,5.7,0.919,0.359,0.933,0
344.2,0.529,100.0,3,0.578,0.906,5.5,0.277,0.668,0.569,1
213.9,0.402,89.8,4,0.206,0.903,1.4,0.705,0.411,0.609,1
88.8,0.839,69.2,5,0.812,0.755,4.4,0.296,0.346,0.502,1
155.9,0.875,97.2,2,0.56,0.75,5.3,0.245,0.915,0.364,1
108.1,0.269,61.0,5,0.423,0.968,2.8,0.705,0.473,0.749,1
315.3,0.55,74.9,5,0.754,0.711,10.6,0.382,0.5,0.61,1
300.6,0.377,54.1,4,0.691,0.724,3.5,0.609,0.453,0.942,0
30.9,0.64,97.9,6,0.155,0.47,6.0,0.22,0.204,0.629,1
175.6,0.676,48.9,6,0.456,0.603,4.3,0.448,0.53,0.957,1
125.0,0.903,51.8,6,0.086,0.84,2.4,0.243,0.726,0.54,1
362.3,0.425,63.1,6,0.116,0.905,5.0,0.53,0.643,0.837,1
71.5,0.91,90.5,5,0.15,0.712,3.9,0.662,0.72,0.842,1
396.5,0.783,85.4,5,0.123,0.962,12.5,0.692,0.639,0.918,1
216.3,0.192,73.7,2,0.095,0.545,7.7,0.417,0.877,0.831,1
92.2,0.512,86.3,7,0.202,0.833,1.1,0.46,0.647,0.602,1
145.5,0.813,70.4,6,0.369,0.877,2.3,0.086,0.515,0.905,1
131.8,0.747,77.9,4,0.507,0.819,2.0,0.872,0.467,0.851,1
79.8,0.46,95.1,3,0.159,0.612,0.4,0.318,0.635,0.945,1
230.4,0.169,68.5,3,0.19,0.59,6.4,0.729,0.653,0.554,1
84.9,0.595,61.3,2,0.522,0.933,5.6,0.837,0.856,0.602,0
0.0,0.201,78.6,3,0.381,0.4,1.7,0.062,0.423,0.903,1
178.2,0.777,82.4,10,0.244,0.582,1.7,0.748,0.24,0.792,1
21.7,0.7,73.5,5,0.089,0.962,0.6,0.91,0.642,0.798,1
137.3,0.528,86.0,4,0.166,0.855,2.1,0.251,0.835,0.665,1
120.0,0.588,69.2,3,0.238,0.763,5.4,0.589,0.479,0.931,1
124.2,0.242,73.8,4,0.094,0.657,13.4,0.137,0.43,0.954,1
440.1,0.775,77.2,9,0.375,0.601,1.1,0.543,0.155,0.74,1
226.2,0.409,76.0,1,0.039,0.851,5.1,0.404,0.719,0.285,1
247.0,0.82,94.6,3,0.042,0.928,14.7,0.567,0.639,0.782,1
24.6,0.533,77.2,3,0.807,0.697,3.7,0.965,0.53,0.423,1
148.1,0.593,67.7,2,0.345,0.904,3.6,0.458,0.309,0.869,1
243.7,0.891,79.4,3,0.295,0.769,4.2,0.232,0.82,0.623,1
107.3,0.227,86.1,6,0.73,0.864,3.8,0.653,0.893,0.439,0
319.9,0.176,82.8,3,0.376,0.588,6.6,0.433,0.839,0.329,1
87.7,0.246,82.1,11,0.226,0.63,17.7,0.332,0.224,0.745,0
188.5,0.137,51.0,4,0.72,0.797,2.4,0.735,0.527,0.605,0
155.5,0.421,37.1,4,0.722,0.434,1.3,0.429,0.812,0.769,0
238.1,0.087,89.9,7,0.507,0.318,1.8,0.574,0.855,0.783,1
149.5,0.22,78.1,2,0.503,0.843,7.0,0.213,0.456,0.568,0
190.2,0.764,71.7,3,0.405,0.655,4.7,0.874,0.44,0.93,1
194.0,0.261,81.7,3,0.318,0.64,7.8,0.553,0.851,0.844,1
139.2,0.734,99.0,2,0.409,0.819,0.8,0.264,0.664,0.836,1
273.4,0.937,91.8,2,0.516,0.726,3.5,0.843,0.595,0.609,1
246.2,0.516,85.5,3,0.377,0.896,6.5,0.372,0.594,0.901,1
210.3,0.158,59.6,3,0.377,0.794,0.8,0.271,0.516,0.838,1
172.6,0.659,61.4,6,0.011,0.878,5.0,0.702,0.467,0.514,1
307.6,0.256,38.6,6,0.252,0.621,3.6,0.185,0.592,0.63,0
194.1,0.448,80.9,6,0.611,0.375,11.4,0.205,0.411,0.323,0
186.3,0.908,87.5,1,0.067,0.762,1.2,0.765,0.62,0.495,1
231.5,0.274,88.7,4,0.381,0.607,8.2,0.321,0.714,0.491,0
406.6,0.492,81.5,5,0.16,0.808,2.9,0.3,0.689,0.83,1
72.6,0.44,69.8,4,0.284,0.667,0.7,0.257,0.796,0.626,1
304.7,0.534,64.1,9,0.261,0.691,2.5,0.28,0.447,0.828,1
11.8,0.321,60.4,2,0.329,0.954,7.6,0.139,0.678,0.538,0
243.9,0.766,69.7,4,0.373,0.793,7.1,0.75,0.202,0.925,1
393.3,0.61,58.3,6,0.226,0.753,6.0,0.46,0.264,0.635,1
273.8,0.648,96.6,7,0.329,0.841,1.8,0.569,0.404,0.407,1
238.8,0.131,53.8,11,0.47,0.862,11.6,0.385,0.911,0.864,1
158.4,0.034,69.2,1,0.073,0.743,4.2,0.343,0.839,0.475,0
223.4,0.706,44.9,8,0.617,0.963,3.5,0.72,0.437,0.737,1
192.3,0.593,76.2,7,0.35,0.991,4.1,0.352,0.795,0.781,1
133.5,0.143,72.0,6,0.578,0.711,1.4,0.723,0.968,0.67,0
188.1,0.766,67.0,7,0.446,0.983,0.8,0.444,0.697,0.57,1
241.8,0.722,58.9,7,0.484,0.568,3.7,0.833,0.183,0.728,0
135.6,0.325,72.0,3,0.045,0.543,0.6,0.461,0.445,0.79,1
131.3,0.781,64.4,7,0.515,0.783,7.3,0.433,0.52,0.267,1
70.4,0.822,70.1,5,0.209,0.897,10.2,0.273,0.582,0.749,1
263.0,0.411,99.4,7,0.455,0.946,17.0,0.606,0.685,0.964,1
280.0,0.803,74.4,4,0.105,0.944,2.3,0.779,0.708,0.946,1
245.5,0.566,79.5,4,0.202,0.537,7.1,0.974,0.669,0.517,1
326.2,0.726,65.5,8,0.541,0.957,0.3,0.695,0.377,0.932,1
229.7,0.858,61.0,4,0.196,0.89,6.9,0.404,0.453,0.612,0
263.1,0.231,71.7,5,0.56,0.518,3.7,0.658,0.735,0.803,0
253.4,0.411,100.0,6,0.453,0.804,5.7,0.679,0.642,0.534,1
209.9,0.301,68.0,5,0.143,0.564,9.2,0.563,0.589,0.631,0
161.6,0.567,77.1,3,0.293,0.515,3.1,0.467,0.187,0.923,0
463.6,0.489,60.4,2,0.611,0.804,6.1,0.915,0.947,0.781,0
170.3,0.719,33.4,6,0.072,0.746,5.6,0.292,0.692,0.655,0
146.8,0.444,60.9,6,0.551,0.527,4.9,0.325,0.289,0.454,0
267.7,0.603,100.0,5,0.437,0.582,2.1,0.565,0.638,0.698,1
247.7,0.489,80.3,4,0.83,0.555,1.7,0.81,0.2,0.949,1
65.5,0.81,95.0,7,0.269,0.716,3.1,0.381,0.657,0.878,1
343.5,0.782,67.1,1,0.188,0.725,7.4,0.448,0.544,0.834,1
209.6,0.741,39.0,7,0.691,0.87,4.9,0.628,0.501,0.535,0
97.8,0.595,56.5,5,0.312,0.852,6.0,0.402,0.755,0.916,1
350.8,0.139,77.6,6,0.483,0.48,5.7,0.921,0.407,0.445,0
288.8,0.515,75.3,5,0.128,0.788,16.2,0.223,0.663,0.425,1
80.9,0.84,71.9,7,0.846,0.926,6.9,0.448,0.535,0.589,0
415.5,0.395,64.6,7,0.187,0.817,2.0,0.261,0.682,0.8,1
292.5,0.787,85.2,5,0.526,0.758,3.7,0.978,0.741,0.753,1
218.9,0.412,65.0,4,0.338,0.966,7.9,0.9,0.54,0.553,1
394.9,0.322,76.3,0,0.299,0.712,0.7,0.477,0.794,0.699,1
237.5,0.736,74.7,3,0.503,0.828,4.0,0.284,0.431,0.824,1
216.9,0.87,66.8,5,0.071,0.799,3.0,0.251,0.535,0.791,1
147.4,0.519,59.7,3,0.704,0.592,1.8,0.447,0.425,0.993,1
284.0,0.343,66.0,3,0.104,0.89,1.7,0.758,0.738,0.594,1
272.4,0.682,98.2,4,0.733,0.483,6.7,0.225,0.567,0.885,1
221.6,0.546,87.6,6,0.127,0.72,7.4,0.603,0.631,0.704,1
133.1,0.819,86.3,4,0.483,0.643,3.1,0.408,0.471,0.891,1
234.3,0.659,61.0,7,0.598,0.687,3.3,0.706,0.714,0.673,0
212.3,0.879,51.9,9,0.413,0.903,3.8,0.61,0.904,0.449,1
73.3,0.674,87.4,2,0.485,0.917,0.3,0.686,0.541,0.803,1
58.1,0.652,84.7,13,0.256,0.661,12.7,0.113,0.55,0.887,0
282.2,0.817,73.9,4,0.348,0.827,6.4,0.502,0.486,0.591,1
0.0,0.838,66.8,3,0.344,0.699,7.8,0.261,0.609,0.694,1
242.6,0.755,51.5,3,0.481,0.647,3.1,0.37,0.602,0.611,1
167.4,0.269,84.1,1,0.506,0.648,6.4,0.707,0.839,0.895,1
363.9,0.666,88.6,0,0.623,0.52,1.4,0.557,0.221,0.794,1
165.7,0.24,62.5,2,0.813,0.325,6.1,0.305,0.663,0.961,0
292.5,0.803,61.3,6,0.558,0.81,4.2,0.43,0.518,0.843,1
176.3,0.67,89.4,9,0.29,0.674,1.4,0.737,0.564,0.498,1
232.5,0.792,63.0,4,0.516,0.947,11.2,0.493,0.09,0.61,1
301.1,0.067,96.9,5,0.157,0.9,6.6,0.679,0.618,0.879,1
169.1,0.485,70.5,4,0.618,0.512,17.2,0.475,0.691,0.857,0
329.6,0.575,66.6,4,0.095,0.713,2.0,0.806,0.881,0.862,1
110.7,0.874,72.6,4,0.111,0.509,3.6,0.08,0.274,0.94,1
252.4,0.856,66.6,7,0.353,0.845,6.7,0.302,0.24,0.568,1
321.5,0.626,87.8,6,0.623,0.945,0.5,0.424,0.451,0.735,1
292.6,0.927,84.4,5,0.007,0.808,5.0,0.738,0.794,0.777,1
430.8,0.9,87.2,2,0.4,0.946,6.7,0.694,0.652,0.724,1
136.0,0.787,74.6,5,0.569,0.87,1.8,0.349,0.389,0.632,1
68.3,0.762,65.6,4,0.205,0.782,4.3,0.575,0.532,0.651,1
110.6,0.795,71.9,4,0.357,0.769,2.4,0.555,0.202,0.401,1
292.6,0.134,66.0,6,0.138,0.533,5.4,0.074,0.505,0.758,1
274.8,0.869,92.5,4,0.195,0.562,6.3,0.666,0.598,0.454,0
231.2,0.49,86.0,8,0.666,0.895,4.2,0.218,0.619,0.851,1
96.5,0.965,70.7,4,0.508,0.739,7.3,0.035,0.291,0.909,0
304.4,0.481,59.0,4,0.315,0.76,1.4,0.297,0.873,0.384,1
85.3,0.543,93.6,6,0.131,0.863,7.5,0.781,0.361,0.644,1
347.5,0.688,73.9,3,0.28,0.726,12.7,0.333,0.928,0.375,1
534.3,0.693,70.2,3,0.366,0.551,1.6,0.633,0.266,0.673,1
260.3,0.655,93.7,4,0.225,0.546,1.5,0.12,0.878,0.729,1
284.1,0.832,64.9,6,0.323,0.761,10.3,0.328,0.379,0.767,1
165.8,0.322,67.5,3,0.006,0.501,4.9,0.059,0.295,0.922,1
20.9,0.23,68.8,6,0.304,0.563,6.9,0.4,0.448,0.891,1
153.7,0.458,53.6,3,0.305,0.621,2.5,0.076,0.874,0.971,1
99.8,0.707,76.4,7,0.581,0.795,2.9,0.872,0.603,0.855,1
60.8,0.244,61.3,6,0.216,0.76,8.9,0.296,0.841,0.418,0
409.5,0.604,64.0,10,0.481,0.363,3.3,0.09,0.306,0.917,1
250.0,0.394,62.1,2,0.52,0.578,2.7,0.697,0.361,0.893,1
261.8,0.228,63.8,3,0.469,0.813,0.8,0.67,0.672,0.612,0
186.0,0.993,60.3,6,0.405,0.916,2.9,0.7,0.772,0.94,1
201.0,0.744,75.5,7,0.362,0.881,1.6,0.728,0.344,0.464,1
326.1,0.617,69.8,4,0.483,0.486,1.8,0.25,0.322,0.525,1
216.4,0.617,72.7,4,0.275,0.827,2.2,0.637,0.512,0.706,0
278.4,0.062,100.0,4,0.384,0.894,7.8,0.17,0.595,0.68,1
198.4,0.116,69.8,4,0.241,0.442,0.7,0.479,0.705,0.736,1
182.4,0.763,80.5,5,0.609,0.856,4.5,0.061,0.257,0.632,1
65.2,0.813,82.1,4,0.554,0.271,3.0,0.063,0.766,0.57,1
2.4,0.888,71.1,7,0.145,0.845,5.1,0.579,0.599,0.855,1
191.2,0.688,75.8,1,0.367,0.521,5.7,0.372,0.49,0.455,0
226.2,0.535,72.3,5,0.476,0.62,2.2,0.724,0.293,0.476,1
78.5,0.682,74.8,0,0.629,0.653,8.0,0.724,0.965,0.498,1
216.2,0.235,63.8,3,0.546,0.79,13.1,0.532,0.827,0.94,1
225.9,0.61,65.1,5,0.384,0.748,1.5,0.768,0.682,0.938,1
0.0,0.899,72.2,4,0.119,0.918,6.5,0.811,0.648,0.748,1
119.3,0.628,44.4,5,0.381,0.722,3.8,0.946,0.396,0.691,1
264.8,0.532,92.9,4,0.352,0.545,4.2,0.421,0.088,0.912,1
262.6,0.526,100.0,3,0.329,0.713,8.2,0.575,0.604,0.906,1
93.1,0.977,74.4,0,0.59,0.728,6.4,0.542,0.826,0.93,1
237.4,0.453,81.3,4,0.506,0.728,3.3,0.078,0.071,0.383,0
332.5,0.559,87.1,2,0.537,0.701,8.8,0.417,0.668,0.513,1
305.5,0.552,53.5,9,0.647,0.75,3.8,0.092,0.874,0.82,1
209.5,0.794,85.0,5,0.39,0.433,2.2,0.458,0.262,0.831,1
168.5,0.365,66.0,2,0.37,0.966,4.7,0.357,0.764,0.781,1
150.8,0.428,100.0,6,0.444,0.961,9.6,0.912,0.501,0.895,1
271.5,0.69,69.4,3,0.054,0.954,1.1,0.594,0.929,0.908,1
241.5,0.916,84.7,4,0.375,0.772,6.1,0.528,0.331,0.877,1
289.2,0.942,69.5,8,0.229,0.422,0.6,0.567,0.767,0.641,1
234.5,0.718,100.0,4,0.491,0.9,6.8,0.582,0.86,0.703,1
310.1,0.14,64.8,5,0.614,0.688,5.4,0.364,0.555,0.794,1
230.4,0.394,88.3,3,0.39,0.748,10.9,0.597,0.936,0.891,1
306.3,0.779,80.8,8,0.041,0.911,1.3,0.463,0.814,0.613,1
315.8,0.876,77.7,7,0.866,0.57,5.0,0.318,0.865,0.907,1
131.5,0.49,75.2,1,0.344,0.877,2.2,0.821,0.769,0.685,1
21.1,0.501,62.7,4,0.56,0.843,3.1,0.763,0.473,0.587,1
389.8,0.82,35.8,1,0.605,0.925,12.2,0.78,0.567,0.781,1
248.2,0.199,87.0,3,0.829,0.773,5.2,0.668,0.515,0.976,1
31.4,0.042,65.2,4,0.428,0.763,6.1,0.492,0.668,0.733,0
141.5,0.219,88.4,3,0.781,0.852,3.0,0.72,0.485,0.689,1
304.9,0.332,76.9,2,0.347,0.888,4.1,0.601,0.504,0.61,1
189.2,0.302,88.8,5,0.039,0.598,8.3,0.502,0.893,0.724,1
163.7,0.151,83.2,5,0.519,0.953,10.9,0.941,0.748,0.629,1
374.1,0.56,37.5,9,0.841,0.564,4.1,0.185,0.943,0.766,1
104.8,0.528,80.6,4,0.03,0.728,9.5,0.231,0.458,0.772,1
132.2,0.569,67.2,2,0.175,0.566,4.0,0.142,0.771,0.812,1
243.3,0.415,88.3,10,0.761,0.792,2.3,0.469,0.658,0.79,0
263.0,0.538,80.3,5,0.733,0.788,4.8,0.845,0.457,0.903,1
274.6,0.193,80.4,10,0.145,0.948,2.1,0.589,0.428,0.694,1
320.2,0.661,68.2,4,0.606,0.646,5.1,0.798,0.514,0.641,0
241.8,0.698,59.2,2,0.482,0.8,1.5,0.401,0.556,0.808,1
273.8,0.762,65.9,2,0.293,0.491,6.6,0.373,0.582,0.931,1
191.5,0.468,46.8,4,0.421,0.865,1.5,0.529,0.697,0.919,0
226.9,0.869,63.7,3,0.324,0.627,2.3,0.391,0.833,0.764,1
231.8,0.716,51.5,3,0.375,0.852,2.7,0.463,0.672,0.784,0
243.7,0.732,51.9,6,0.21,0.241,1.7,0.253,0.326,0.714,1
305.0,0.632,73.6,2,0.379,0.888,4.0,0.694,0.688,0.752,1
281.1,0.496,79.5,5,0.606,0.338,0.3,0.417,0.295,0.317,0
224.9,0.814,71.6,7,0.114,0.596,3.6,0.222,0.335,0.833,1
131.0,0.394,65.0,8,0.214,0.883,0.1,0.379,0.766,0.855,1
227.4,0.36,58.7,7,0.093,0.798,5.2,0.249,0.155,0.84,0
216.9,0.16,67.6,5,0.32,0.501,1.4,0.157,0.337,0.696,1
241.2,0.657,60.5,7,0.145,0.941,5.5,0.79,0.453,0.616,0
462.7,0.785,71.1,6,0.063,0.588,9.3,0.507,0.801,0.895,1
162.4,0.806,50.7,6,0.145,0.567,2.7,0.332,0.796,0.795,1
266.5,0.25,81.8,0,0.567,0.95,4.3,0.376,0.912,0.551,1
337.5,0.617,64.1,1,0.666,0.635,1.2,0.891,0.655,0.778,1
230.8,0.879,77.3,5,0.308,0.544,5.5,0.348,0.799,0.472,1
477.2,0.633,84.4,5,0.533,0.958,6.4,0.105,0.333,0.557,1
178.4,0.599,76.6,6,0.051,0.474,1.0,0.379,0.195,0.813,1
255.6,0.822,83.2,4,0.201,0.495,6.5,0.715,0.632,0.855,1
132.1,0.482,43.1,5,0.557,0.59,14.6,0.347,0.519,0.417,0
181.3,0.346,65.1,5,0.153,0.88,3.2,0.519,0.721,0.789,1
247.4,0.804,87.4,4,0.359,0.832,2.8,0.491,0.809,0.972,1
313.1,0.83,79.1,1,0.258,0.917,8.1,0.471,0.638,0.263,1
255.1,0.652,97.9,3,0.407,0.992,2.6,0.588,0.499,0.75,1
358.5,0.304,95.9,5,0.171,0.81,1.3,0.865,0.303,0.743,1
209.6,0.699,76.2,6,0.15,0.725,3.7,0.472,0.798,0.574,1
183.5,0.51,68.5,2,0.39,0.574,7.0,0.918,0.367,0.864,1
517.4,0.72,58.6,4,0.476,0.903,3.9,0.714,0.501,0.783,1
263.4,0.34,65.3,3,0.649,0.959,3.2,0.277,0.633,0.89,1
140.9,0.533,66.3,7,0.195,0.985,5.8,0.88,0.955,0.888,1
143.6,0.591,63.7,2,0.251,0.851,2.0,0.473,0.852,0.753,1
116.3,0.886,59.1,5,0.42,0.777,4.5,0.51,0.593,0.653,1
323.0,0.903,77.6,10,0.729,0.818,0.6,0.764,0.459,0.741,1
179.9,0.457,95.8,6,0.329,0.626,5.6,0.747,0.726,0.88,1
234.0,0.949,85.1,4,0.414,0.688,8.4,0.522,0.543,0.352,1
213.0,0.282,67.5,2,0.371,0.932,10.6,0.755,0.785,0.828,0
300.5,0.858,86.2,3,0.141,0.321,7.4,0.609,0.784,0.842,1
126.9,0.394,76.9,9,0.233,0.555,6.4,0.924,0.426,0.562,1
101.7,0.385,71.4,6,0.531,0.85,3.8,0.316,0.909,0.946,1
244.7,0.61,70.6,10,0.428,0.57,6.6,0.519,0.686,0.92,1
286.1,0.44,69.2,4,0.544,0.621,4.2,0.286,0.392,0.789,1
256.6,0.862,81.1,2,0.67,0.791,1.4,0.534,0.271,0.973,1
131.0,0.569,74.0,4,0.382,0.731,8.7,0.764,0.724,0.686,0
294.5,0.732,61.8,3,0.262,0.712,0.6,0.749,0.757,0.684,1
138.2,0.521,61.1,5,0.225,0.715,2.8,0.338,0.471,0.966,1
162.6,0.71,76.3,4,0.705,0.699,2.2,0.579,0.65,0.718,1
116.2,0.692,78.0,2,0.211,0.771,4.3,0.391,0.149,0.73,1
363.1,0.501,67.6,3,0.221,0.762,7.3,0.314,0.93,0.591,1
289.7,0.364,56.2,6,0.641,0.725,6.2,0.132,0.088,0.657,1
286.5,0.4,89.5,5,0.354,0.852,0.9,0.692,0.711,0.715,1
357.2,0.259,86.5,8,0.521,0.761,1.5,0.233,0.749,0.545,1
529.4,0.918,44.2,5,0.448,0.701,6.4,0.779,0.685,0.74,1
32.0,0.508,90.8,5,0.106,0.721,15.7,0.48,0.583,0.875,1
138.8,0.243,69.1,3,0.284,0.993,2.6,0.05,0.899,0.971,1
152.2,0.19,74.7,6,0.15,0.939,1.3,0.362,0.149,0.759,1
126.4,0.688,87.9,5,0.192,0.831,3.1,0.637,0.146,0.848,1
101.5,0.375,95.1,1,0.196,0.862,1.2,0.625,0.365,0.568,1
187.0,0.8,86.0,4,0.121,0.688,3.6,0.081,0.524,0.653,1
86.2,0.353,75.4,5,0.733,0.782,4.3,0.85,0.634,0.705,1
256.9,0.457,52.7,7,0.343,0.131,8.4,0.774,0.724,0.795,1
225.7,0.563,43.6,6,0.674,0.447,5.8,0.364,0.299,0.444,0
272.9,0.456,84.3,2,0.308,0.321,7.1,0.871,0.314,0.922,1
275.9,0.768,90.8,7,0.62,0.794,3.5,0.693,0.832,0.636,1
286.3,0.798,60.6,5,0.05,0.966,12.4,0.286,0.499,0.304,1
178.9,0.845,68.2,8,0.066,0.788,1.2,0.308,0.342,0.93,1
453.3,0.705,64.2,6,0.325,0.98,3.7,0.761,0.899,0.889,1
245.8,0.679,63.8,5,0.382,0.979,3.6,0.64,0.704,0.935,1
15.1,0.809,87.0,7,0.579,0.471,2.3,0.53,0.769,0.895,1
109.7,0.35,75.1,5,0.357,0.851,9.4,0.253,0.711,0.794,1
28.5,0.946,68.8,3,0.328,0.902,0.3,0.265,0.652,0.731,1
221.9,0.536,100.0,8,0.325,0.602,1.7,0.505,0.541,0.774,1
206.6,0.878,51.9,4,0.353,0.671,4.3,0.134,0.287,0.711,1
168.5,0.28,79.7,4,0.073,0.837,3.2,0.597,0.917,0.837,1
441.2,0.687,57.3,5,0.522,0.293,3.7,0.373,0.721,0.939,1
280.4,0.833,69.8,6,0.653,0.839,1.8,0.717,0.63,0.904,0
299.9,0.502,74.1,2,0.196,0.678,2.6,0.317,0.438,0.893,1
117.6,0.239,83.8,4,0.405,0.706,8.1,0.259,0.547,0.877,1
110.1,0.144,68.3,7,0.184,0.604,6.2,0.59,0.747,0.58,0
224.0,0.297,66.9,2,0.345,0.81,3.9,0.047,0.118,0.275,0
239.0,0.668,68.1,5,0.463,0.845,6.9,0.439,0.396,0.66,1
15.8,0.91,56.9,2,0.512,0.829,7.8,0.051,0.405,0.604,0
200.2,0.315,80.9,5,0.716,0.521,13.8,0.357,0.501,0.513,0
221.5,0.122,75.9,8,0.361,0.43,6.6,0.628,0.74,0.762,1
196.3,0.501,78.1,2,0.249,0.824,7.6,0.268,0.92,0.935,1
130.5,0.361,71.0,5,0.347,0.671,2.1,0.271,0.679,0.702,1
160.7,0.245,69.3,8,0.35,0.797,5.5,0.297,0.545,0.76,1
200.5,0.285,88.5,5,0.295,0.889,4.2,0.387,0.538,0.949,1
230.0,0.866,86.3,6,0.338,0.178,7.8,0.629,0.745,0.658,1
286.5,0.263,91.8,1,0.063,0.701,7.5,0.275,0.655,0.923,1
338.9,0.901,77.2,4,0.12,0.56,7.3,0.655,0.5,0.798,1
187.6,0.473,90.9,6,0.286,0.704,9.1,0.269,0.487,0.668,1
169.8,0.672,66.2,5,0.198,0.673,5.9,0.106,0.711,0.874,1
268.1,0.363,69.2,6,0.731,0.817,2.3,0.113,0.75,0.756,1
287.2,0.75,88.7,5,0.413,0.894,6.3,0.703,0.346,0.207,1
172.2,0.324,83.8,4,0.518,0.492,7.7,0.581,0.609,0.589,1
306.9,0.585,67.9,5,0.267,0.801,7.9,0.817,0.509,0.592,1
327.8,0.304,57.4,3,0.379,0.64,2.9,0.688,0.149,0.751,0
362.1,0.498,69.1,3,0.508,0.162,0.6,0.628,0.79,0.532,1
415.6,0.542,62.4,3,0.458,0.913,10.2,0.173,0.552,0.585,0
124.7,0.842,96.1,5,0.267,0.78,2.7,0.78,0.541,0.796,1
221.5,0.547,82.6,3,0.158,0.811,3.6,0.713,0.514,0.919,1
221.2,0.784,61.3,3,0.264,0.77,3.2,0.76,0.57,0.868,1
209.2,0.685,57.4,3,0.166,0.927,4.7,0.146,0.489,0.62,1
148.6,0.391,61.1,2,0.42,0.401,3.2,0.135,0.38,0.936,1
56.6,0.639,64.2,5,0.236,0.33,4.4,0.151,0.287,0.324,1
230.2,0.624,69.7,4,0.62,0.75,2.1,0.351,0.467,0.796,1
135.5,0.771,87.6,2,0.635,0.92,9.4,0.581,0.373,0.981,0
229.5,0.457,58.5,5,0.38,0.743,6.0,0.89,0.272,0.607,1
132.7,0.455,100.0,5,0.068,0.694,4.4,0.085,0.414,0.697,1
99.0,0.79,58.8,4,0.702,0.65,0.4,0.315,0.609,0.579,1
245.8,0.857,52.3,4,0.459,0.922,1.8,0.387,0.467,0.587,1
236.6,0.321,95.6,6,0.824,0.77,6.8,0.491,0.764,0.83,1
283.7,0.622,90.5,6,0.081,0.887,2.0,0.869,0.576,0.289,1
460.4,0.914,69.4,8,0.333,0.677,5.6,0.889,0.737,0.631,1
250.5,0.859,77.3,10,0.057,0.592,3.3,0.285,0.077,0.833,1
273.4,0.661,77.7,10,0.446,0.499,4.4,0.785,0.566,0.617,1
101.5,0.519,73.9,3,0.456,0.847,3.4,0.734,0.711,0.423,1
78.4,0.6,53.8,7,0.134,0.454,3.6,0.38,0.383,0.627,0
394.1,0.104,37.3,4,0.563,0.926,6.7,0.415,0.285,0.92,1
118.4,0.374,60.2,4,0.106,0.802,6.8,0.1,0.676,0.743,1
105.2,0.825,97.4,6,0.183,0.825,4.7,0.373,0.451,0.844,1
215.7,0.388,98.0,5,0.649,0.669,7.0,0.823,0.773,0.873,0
210.1,0.506,68.3,2,0.701,0.892,1.4,0.618,0.678,0.7,0
120.7,0.434,58.6,4,0.33,0.758,4.1,0.587,0.532,0.779,0
186.5,0.271,75.9,5,0.367,0.705,3.0,0.533,0.315,0.872,1
355.2,0.378,78.1,6,0.205,0.888,2.9,0.377,0.493,0.621,1
131.3,0.609,80.4,4,0.28,0.799,2.7,0.55,0.651,0.985,1
66.7,0.646,36.6,5,0.587,0.943,8.7,0.463,0.563,0.957,0
323.7,0.408,100.0,1,0.827,0.728,1.8,0.508,0.794,0.542,1
274.2,0.367,87.9,3,0.223,0.843,2.7,0.404,0.599,0.59,1
151.7,0.287,69.2,7,0.345,0.831,4.7,0.717,0.674,0.427,0
46.0,0.324,61.9,3,0.333,0.854,2.8,0.121,0.308,0.722,1
138.1,0.404,85.8,3,0.566,0.853,2.8,0.393,0.559,0.706,1
214.0,0.697,78.9,7,0.414,0.811,3.1,0.6,0.965,0.757,1
348.2,0.585,73.3,8,0.669,0.947,6.1,0.65,0.935,0.528,1
106.0,0.454,78.4,6,0.762,0.677,9.0,0.509,0.349,0.964,0
210.7,0.565,70.4,4,0.262,0.92,6.8,0.581,0.618,0.705,1
294.3,0.738,77.6,2,0.564,0.867,13.1,0.24,0.92,0.731,1
0.0,0.609,82.2,8,0.221,0.655,11.5,0.864,0.481,0.887,0
333.7,0.765,76.8,5,0.236,0.388,0.8,0.198,0.276,0.813,1
89.9,0.352,76.1,5,0.722,0.939,8.8,0.457,0.487,0.698,0
256.5,0.924,91.5,2,0.055,0.644,11.3,0.443,0.396,0.622,1
247.1,0.6,49.6,6,0.081,0.81,5.9,0.432,0.855,0.956,1
339.3,0.863,60.8,3,0.143,0.561,3.6,0.26,0.277,0.705,0
280.6,0.342,72.4,4,0.499,0.382,2.1,0.626,0.382,0.608,1
0.0,0.844,61.8,5,0.642,0.887,6.4,0.625,0.391,0.663,0
133.7,0.67,66.5,4,0.028,0.539,1.4,0.408,0.484,0.862,0
235.2,0.74,90.0,12,0.167,0.841,4.5,0.732,0.25,0.621,1
198.6,0.412,69.9,3,0.446,0.787,18.6,0.26,0.19,0.905,0
272.5,0.484,46.4,1,0.134,0.758,1.2,0.046,0.55,0.722,1
306.8,0.248,66.1,3,0.134,0.756,4.6,0.489,0.647,0.868,1
286.9,0.414,72.8,8,0.445,0.744,7.9,0.586,0.125,0.575,1
196.4,0.478,72.6,7,0.44,0.911,5.0,0.547,0.419,0.883,1
16.9,0.567,79.8,2,0.303,0.463,6.5,0.188,0.501,0.774,0
169.9,0.631,78.6,2,0.26,0.925,1.2,0.774,0.412,0.776,1
265.8,0.565,70.1,3,0.495,0.825,12.8,0.917,0.306,0.445,1
100.1,0.588,55.3,3,0.474,0.649,4.9,0.527,0.557,0.904,0
289.4,0.3,65.8,5,0.52,0.595,1.5,0.136,0.609,0.676,0
319.9,0.133,63.3,6,0.677,0.375,7.6,0.449,0.964,0.814,1
234.0,0.5,68.0,5,0.43,0.456,12.6,0.766,0.781,0.784,1
0.0,0.139,81.7,4,0.348,0.866,3.4,0.253,0.184,0.622,1
79.4,0.519,77.7,7,0.389,0.819,4.0,0.128,0.66,0.954,1
427.5,0.849,83.5,3,0.147,0.835,8.8,0.453,0.644,0.927,1
159.9,0.657,66.6,9,0.546,0.459,7.4,0.683,0.643,0.582,1
1.7,0.597,93.1,6,0.827,0.703,2.3,0.335,0.479,0.608,1
355.9,0.619,81.4,4,0.22,0.744,0.6,0.273,0.285,0.498,1
221.5,0.399,73.6,2,0.184,0.893,12.8,0.758,0.336,0.63,0
341.5,0.839,80.4,5,0.454,0.968,3.1,0.785,0.559,0.594,1
250.5,0.918,62.5,4,0.35,0.799,1.7,0.629,0.452,0.938,1
270.4,0.391,42.5,5,0.181,0.897,2.5,0.308,0.887,0.49,1
259.9,0.663,63.5,2,0.805,0.679,10.2,0.534,0.63,0.766,1
296.7,0.484,82.5,4,0.815,0.598,0.2,0.303,0.707,0.889,1
470.5,0.612,73.1,3,0.128,0.7,8.7,0.404,0.333,0.735,1
326.8,0.237,70.1,2,0.54,0.947,6.0,0.514,0.483,0.823,1
46.2,0.083,60.1,4,0.572,0.486,3.5,0.26,0.207,0.834,1
269.1,0.732,44.6,2,0.534,0.97,4.7,0.261,0.314,0.643,0
345.6,0.412,91.9,0,0.164,0.428,7.1,0.454,0.538,0.833,1
352.3,0.477,69.1,1,0.573,0.83,3.2,0.596,0.13,0.756,1
173.1,0.193,66.0,2,0.56,0.697,2.4,0.752,0.709,0.572,0
348.1,0.905,62.6,5,0.141,0.682,6.8,0.405,0.651,0.91,1
322.1,0.652,89.6,3,0.15,0.454,5.0,0.38,0.43,0.718,0
503.0,0.855,84.3,3,0.33,0.879,10.6,0.496,0.336,0.921,1
137.5,0.435,58.5,5,0.524,0.877,10.0,0.702,0.853,0.281,1
164.2,0.414,88.3,8,0.16,0.55,3.5,0.311,0.538,0.557,1
186.3,0.208,70.0,7,0.074,0.913,4.2,0.559,0.523,0.471,1
166.1,0.829,63.5,6,0.184,0.688,9.6,0.546,0.471,0.763,0
122.1,0.32,67.9,3,0.682,0.857,8.0,0.52,0.581,0.866,1
0.0,0.478,61.0,2,0.19,0.698,6.1,0.151,0.366,0.918,1
172.2,0.484,53.5,7,0.209,0.449,8.9,0.34,0.838,0.667,1
260.6,0.463,82.9,7,0.248,0.19,1.3,0.655,0.968,0.681,1
165.7,0.357,68.9,2,0.206,0.846,6.1,0.497,0.41,0.666,1
432.9,0.547,80.6,7,0.715,0.376,2.2,0.519,0.829,0.822,1
221.5,0.781,76.0,5,0.696,0.745,7.6,0.706,0.71,0.445,0
362.0,0.75,79.7,2,0.118,0.711,6.0,0.609,0.605,0.772,1
248.8,0.731,43.4,6,0.097,0.739,8.7,0.681,0.602,0.743,1
310.9,0.028,59.9,6,0.011,0.734,10.2,0.421,0.456,0.736,1
250.7,0.686,80.0,4,0.271,0.672,1.6,0.436,0.579,0.935,1
370.6,0.114,54.2,6,0.452,0.786,6.1,0.568,0.19,0.545,0
226.2,0.285,77.2,8,0.471,0.541,2.9,0.461,0.184,0.674,1
274.6,0.521,52.5,7,0.835,0.921,7.1,0.849,0.689,0.505,0
260.3,0.565,72.2,7,0.673,0.943,2.8,0.58,0.014,0.796,1
188.3,0.754,94.5,3,0.356,0.966,2.9,0.817,0.616,0.675,1
264.5,0.601,82.8,2,0.258,0.702,4.9,0.258,0.641,0.678,1
465.8,0.504,46.1,5,0.347,0.743,1.5,0.316,0.785,0.886,1
190.3,0.811,83.9,6,0.209,0.57,2.2,0.419,0.436,0.844,1
266.1,0.675,97.5,4,0.169,0.82,6.5,0.366,0.555,0.925,1
358.4,0.509,100.0,9,0.479,0.844,11.8,0.607,0.363,0.871,1
345.4,0.309,78.7,6,0.421,0.252,0.9,0.66,0.859,0.45,1
221.3,0.925,52.9,6,0.273,0.752,2.6,0.847,0.277,0.324,1
0.0,0.154,78.1,4,0.449,0.827,5.7,0.38,0.636,0.611,1
276.8,0.882,94.3,7,0.144,0.719,1.1,0.345,0.524,0.698,1
0.0,0.448,69.4,2,0.29,0.947,3.6,0.461,0.804,0.75,1
381.7,0.518,86.6,6,0.277,0.27,5.3,0.088,0.627,0.535,1
238.6,0.448,60.2,4,0.208,0.856,4.4,0.496,0.434,0.568,1
330.0,0.562,77.2,6,0.163,0.912,3.1,0.694,0.944,0.59,1
120.8,0.364,37.1,4,0.358,0.753,1.3,0.737,0.636,0.771,0
49.2,0.51,58.7,9,0.392,0.796,16.7,0.11,0.609,0.789,1
248.7,0.574,71.9,4,0.431,0.591,2.5,0.049,0.652,0.855,1
216.3,0.658,66.9,3,0.55,0.615,7.4,0.202,0.748,0.835,1
165.9,0.347,53.8,3,0.145,0.463,6.6,0.407,0.344,0.716,0
229.3,0.763,65.0,4,0.559,0.77,3.7,0.661,0.845,0.693,1
524.4,0.723,76.6,2,0.472,0.656,3.1,0.524,0.551,0.882,1
311.8,0.47,70.8,7,0.151,0.709,1.4,0.588,0.662,0.431,1
335.4,0.449,72.9,6,0.55,0.81,8.2,0.705,0.871,0.896,1
312.8,0.677,82.2,3,0.649,0.613,8.7,0.658,0.626,0.823,1
382.7,0.632,67.2,7,0.227,0.433,3.8,0.591,0.578,0.694,1
199.1,0.432,91.0,2,0.468,0.765,2.7,0.553,0.553,0.827,1
0.0,0.083,58.2,6,0.528,0.682,2.0,0.344,0.99,0.688,1
199.3,0.507,99.0,7,0.537,0.792,4.0,0.714,0.281,0.815,1
309.3,0.395,87.6,3,0.664,0.391,2.3,0.589,0.565,0.342,1
113.3,0.661,67.0,7,0.615,0.826,4.9,0.572,0.476,0.608,1
200.6,0.793,67.9,2,0.422,0.85,5.4,0.443,0.32,0.903,1
143.9,0.876,74.9,8,0.765,0.745,5.4,0.289,0.858,0.859,1
385.2,0.222,80.4,9,0.705,0.931,2.1,0.091,0.467,0.717,1
302.4,0.515,87.3,5,0.67,0.68,2.2,0.163,0.236,0.97,1
291.7,0.267,53.2,6,0.436,0.93,3.8,0.151,0.463,0.935,1
288.4,0.471,78.1,5,0.773,0.893,8.1,0.13,0.88,0.933,1
215.9,0.914,42.4,4,0.095,0.743,5.4,0.596,0.592,0.989,1
241.7,0.821,69.5,7,0.172,0.677,1.9,0.171,0.902,0.549,1
89.6,0.113,92.4,4,0.257,0.44,5.5,0.476,0.438,0.934,0
0.0,0.826,52.2,3,0.107,0.729,0.1,0.673,0.709,0.981,1
236.5,0.459,49.6,3,0.239,0.92,6.9,0.539,0.165,0.462,0
255.6,0.713,75.1,5,0.445,0.752,8.9,0.448,0.27,0.756,1
353.0,0.642,91.4,3,0.012,0.651,3.0,0.205,0.508,0.896,1
392.8,0.284,76.6,8,0.281,0.944,4.5,0.516,0.767,0.821,1
392.7,0.794,45.3,4,0.884,0.635,2.2,0.152,0.784,0.793,1
110.2,0.691,48.4,4,0.272,0.714,1.7,0.121,0.458,0.711,1
181.3,0.573,73.4,5,0.416,0.604,7.9,0.268,0.449,0.357,0
272.8,0.497,55.5,2,0.804,0.954,2.3,0.353,0.564,0.849,1
498.5,0.405,73.9,2,0.402,0.776,4.4,0.237,0.369,0.744,1
382.8,0.652,74.7,3,0.14,0.885,6.2,0.92,0.917,0.862,1
343.1,0.246,65.1,4,0.725,0.799,4.9,0.463,0.91,0.855,1
177.3,0.427,97.4,4,0.389,0.939,1.3,0.351,0.78,0.923,0
122.8,0.557,80.3,5,0.11,0.717,3.8,0.84,0.592,0.914,1
306.8,0.464,89.0,2,0.369,0.556,6.8,0.794,0.512,0.782,1
98.9,0.625,84.9,3,0.078,0.7,3.9,0.145,0.314,0.696,1
193.8,0.415,69.9,6,0.045,0.728,4.0,0.633,0.21,0.88,0
207.4,0.598,69.3,2,0.445,0.755,7.5,0.477,0.333,0.909,1
395.2,0.597,67.8,2,0.159,0.734,6.4,0.778,0.663,0.95,1
181.0,0.396,81.5,2,0.707,0.824,3.0,0.372,0.391,0.659,1
0.0,0.755,62.9,4,0.369,0.836,10.3,0.252,0.604,0.836,0
275.5,0.604,96.2,3,0.238,0.668,2.3,0.351,0.674,0.764,1
143.1,0.655,61.6,5,0.642,0.623,2.9,0.276,0.543,0.621,1
224.7,0.715,75.0,4,0.145,0.756,4.4,0.799,0.693,0.698,0
210.5,0.68,68.8,6,0.29,0.963,6.2,0.058,0.769,0.636,1
189.9,0.489,65.7,4,0.509,0.742,9.3,0.476,0.853,0.789,1
306.9,0.428,100.0,2,0.557,0.662,3.0,0.405,0.712,0.75,1
51.4,0.246,65.9,1,0.695,0.821,4.5,0.883,0.625,0.882,0
163.1,0.351,67.7,3,0.64,0.478,10.3,0.242,0.658,0.695,0
295.2,0.504,62.7,7,0.145,0.484,7.8,0.379,0.126,0.765,0
152.5,0.635,72.6,3,0.221,0.765,5.6,0.241,0.504,0.835,1
43.0,0.866,70.6,5,0.249,0.762,4.9,0.929,0.835,0.95,1
293.5,0.063,56.3,7,0.729,0.583,1.1,0.149,0.954,0.959,1
343.5,0.1,66.1,5,0.581,0.82,6.1,0.386,0.602,0.582,1
215.1,0.161,80.5,3,0.418,0.74,3.2,0.281,0.53,0.79,1
4.3,0.853,86.4,2,0.058,0.73,8.5,0.382,0.308,0.464,1
297.7,0.734,72.3,4,0.215,0.83,4.7,0.583,0.628,0.934,1
37.4,0.559,72.8,4,0.827,0.731,1.5,0.774,0.107,0.592,1
254.0,0.498,66.9,1,0.624,0.739,1.9,0.626,0.689,0.645,1
122.4,0.815,65.0,4,0.195,0.38,14.1,0.564,0.509,0.894,0
92.4,0.347,59.1,5,0.046,0.767,6.4,0.517,0.174,0.838,1
171.4,0.169,50.2,1,0.164,0.843,2.9,0.679,0.613,0.838,1
199.8,0.867,62.2,3,0.083,0.703,4.9,0.337,0.645,0.908,1
149.1,0.608,84.7,1,0.326,0.672,3.7,0.308,0.738,0.842,1
284.8,0.381,66.1,7,0.344,0.771,8.4,0.689,0.81,0.604,1
170.9,0.483,67.2,8,0.316,0.859,6.8,0.685,0.45,0.701,1
327.8,0.812,66.9,4,0.444,0.929,18.4,0.526,0.726,0.624,1
250.9,0.697,89.4,5,0.159,0.879,5.4,0.686,0.693,0.716,1
143.3,0.41,59.0,7,0.488,0.804,1.7,0.77,0.647,0.599,1
124.7,0.331,75.9,2,0.428,0.486,0.8,0.327,0.79,0.906,1
38.8,0.825,71.0,8,0.267,0.74,0.5,0.463,0.823,0.586,1
252.0,0.705,73.0,6,0.837,0.511,7.9,0.448,0.837,0.591,1
181.0,0.706,75.4,6,0.122,0.902,4.7,0.541,0.569,0.905,1
0.0,0.342,72.8,6,0.644,0.484,3.7,0.463,0.638,0.898,0
161.1,0.156,83.1,1,0.182,0.579,2.1,0.787,0.621,0.502,1
120.9,0.405,71.6,9,0.205,0.525,4.1,0.383,0.788,0.58,1
393.3,0.514,96.4,3,0.202,0.869,6.8,0.108,0.786,0.904,1
32.7,0.773,72.6,2,0.384,0.312,3.8,0.078,0.457,0.94,1
61.5,0.619,48.2,3,0.401,0.747,8.8,0.645,0.913,0.949,1
342.1,0.087,80.9,5,0.496,0.922,12.1,0.23,0.411,0.758,1
369.2,0.722,77.5,5,0.154,0.731,4.9,0.499,0.923,0.848,1
138.1,0.463,72.5,3,0.401,0.603,3.5,0.479,0.489,0.725,1
150.5,0.34,68.4,5,0.171,0.951,3.3,0.538,0.691,0.575,1
287.8,0.707,42.4,4,0.377,0.555,4.7,0.692,0.294,0.729,0
0.0,0.956,44.7,0,0.297,0.76,4.9,0.579,0.545,0.846,0
15.3,0.775,95.1,2,0.263,0.712,5.4,0.173,0.911,0.662,1
189.1,0.806,63.8,4,0.067,0.689,1.1,0.519,0.737,0.693,0
390.5,0.319,85.5,2,0.017,0.778,5.3,0.476,0.677,0.839,1
172.1,0.559,49.6,6,0.366,0.772,5.2,0.811,0.585,0.902,0
231.1,0.101,57.3,1,0.415,0.647,6.7,0.178,0.191,0.659,0
344.7,0.522,81.5,8,0.496,0.571,7.3,0.677,0.439,0.546,1
451.8,0.621,70.6,8,0.413,0.784,9.2,0.361,0.317,0.79,1
156.5,0.726,79.5,2,0.709,0.786,5.5,0.063,0.488,0.632,1
218.1,0.642,71.8,6,0.325,0.767,7.4,0.43,0.489,0.687,1
420.4,0.673,69.1,3,0.305,0.7,5.6,0.778,0.712,0.602,1
52.6,0.372,62.5,3,0.386,0.95,9.1,0.642,0.165,0.495,0
333.0,0.403,55.3,7,0.536,0.902,4.2,0.355,0.261,0.914,1
108.0,0.594,91.6,6,0.724,0.602,2.9,0.524,0.251,0.881,1
231.3,0.51,93.9,5,0.103,0.56,4.6,0.63,0.302,0.665,1
193.3,0.968,57.5,2,0.103,0.749,10.4,0.488,0.468,0.888,0
114.6,0.738,56.5,7,0.077,0.78,3.1,0.687,0.552,0.679,0
111.9,0.383,67.1,4,0.514,0.752,10.3,0.606,0.184,0.799,0
250.4,0.715,76.8,4,0.186,0.881,5.7,0.268,0.523,0.798,1
329.5,0.099,69.5,2,0.438,0.633,7.9,0.362,0.608,0.904,1
205.7,0.614,79.0,5,0.159,0.936,6.1,0.748,0.603,0.933,1
227.7,0.3,71.3,7,0.624,0.98,4.8,0.25,0.237,0.689,1
282.8,0.626,70.4,5,0.515,0.591,2.9,0.764,0.456,0.654,1
113.1,0.579,100.0,8,0.405,0.874,17.4,0.434,0.688,0.659,1
301.4,0.817,64.6,2,0.518,0.774,1.4,0.42,0.13,0.782,0
310.1,0.638,95.0,6,0.244,0.855,8.6,0.506,0.898,0.555,1
506.4,0.065,92.3,6,0.67,0.72,1.0,0.682,0.371,0.808,1
178.6,0.29,79.1,6,0.451,0.622,11.5,0.344,0.81,0.354,1
169.6,0.542,45.0,4,0.681,0.87,6.8,0.889,0.768,0.583,1
304.6,0.725,72.4,7,0.097,0.791,2.3,0.445,0.883,0.907,1
310.1,0.411,64.8,4,0.238,0.79,2.5,0.59,0.246,0.933,1
161.1,0.524,72.3,3,0.183,0.871,4.6,0.108,0.753,0.873,1
175.7,0.48,57.1,4,0.197,0.649,0.9,0.811,0.678,0.881,1
279.5,0.495,82.6,4,0.039,0.59,9.0,0.881,0.17,0.745,1
129.0,0.607,85.8,6,0.537,0.676,2.7,0.732,0.263,0.949,1
174.8,0.037,88.4,4,0.129,0.857,1.5,0.424,0.637,0.822,1
229.9,0.806,66.6,2,0.291,0.937,8.0,0.852,0.189,0.815,1
329.6,0.305,57.2,4,0.54,0.783,0.7,0.245,0.442,0.722,1
153.5,0.514,76.9,3,0.444,0.624,4.3,0.825,0.902,0.752,1
17.3,0.819,96.6,3,0.357,0.734,2.0,0.362,0.39,0.75,1
9.2,0.282,73.0,6,0.184,0.636,6.0,0.334,0.198,0.463,0
81.5,0.222,78.3,4,0.281,0.924,9.1,0.478,0.317,0.882,1
75.6,0.704,68.7,5,0.661,0.664,0.9,0.917,0.692,0.623,1
203.0,0.374,65.0,6,0.231,0.827,9.1,0.382,0.35,0.904,0
89.2,0.592,81.2,3,0.247,0.798,3.8,0.77,0.463,0.824,1
142.7,0.419,70.5,3,0.46,0.945,1.8,0.518,0.759,0.886,1
134.9,0.787,77.6,7,0.235,0.977,1.7,0.307,0.93,0.988,1
171.5,0.239,79.1,3,0.243,0.592,3.9,0.761,0.697,0.822,1
365.5,0.73,76.9,6,0.192,0.852,0.7,0.533,0.774,0.888,1
292.8,0.671,79.8,9,0.18,0.813,3.7,0.297,0.49,0.932,1
221.8,0.479,60.1,2,0.473,0.839,4.1,0.308,0.697,0.612,1
169.3,0.042,59.2,6,0.622,0.927,6.3,0.508,0.767,0.701,1
172.3,0.294,71.4,4,0.339,0.926,8.6,0.177,0.825,0.962,1
256.1,0.099,71.7,7,0.384,0.625,6.6,0.414,0.383,0.697,1
284.3,0.684,64.7,3,0.291,0.484,10.5,0.227,0.621,0.776,0
120.2,0.685,75.4,5,0.46,0.917,2.0,0.431,0.217,0.306,0
224.0,0.929,84.7,6,0.589,0.736,5.7,0.418,0.398,0.71,1
0.0,0.647,88.6,3,0.344,0.893,6.1,0.852,0.91,0.846,1
243.3,0.227,91.8,3,0.241,0.627,10.3,0.162,0.063,0.369,1
303.8,0.677,53.6,7,0.452,0.928,6.0,0.651,0.818,0.719,1
189.2,0.569,55.7,6,0.202,0.718,2.5,0.607,0.596,0.884,1
419.8,0.619,67.9,2,0.29,0.726,4.3,0.251,0.421,0.814,1
123.1,0.549,73.1,6,0.085,0.844,5.8,0.47,0.33,0.881,1
243.9,0.796,68.7,3,0.072,0.492,1.2,0.614,0.561,0.679,1
216.1,0.336,64.3,5,0.318,0.646,11.2,0.361,0.488,0.74,1
209.0,0.645,67.7,7,0.159,0.521,4.4,0.405,0.503,0.407,1
207.4,0.425,78.8,3,0.1,0.329,14.3,0.426,0.723,0.718,0
231.8,0.468,53.4,3,0.43,0.729,1.4,0.456,0.787,0.862,1
313.3,0.483,100.0,2,0.17,0.887,2.1,0.072,0.217,0.937,1
371.6,0.531,72.3,4,0.291,0.948,6.2,0.57,0.776,0.544,1
219.8,0.578,86.7,1,0.133,0.767,3.3,0.257,0.866,0.482,1
309.7,0.637,63.9,3,0.426,0.54,8.3,0.325,0.686,0.905,1
142.8,0.581,80.0,3,0.453,0.947,4.6,0.127,0.409,0.826,1
304.3,0.551,73.4,4,0.489,0.734,4.5,0.273,0.173,0.722,1
136.2,0.569,84.0,5,0.085,0.156,4.3,0.887,0.482,0.939,0
340.0,0.224,69.2,6,0.312,0.525,1.6,0.666,0.419,0.884,1
463.2,0.444,93.7,2,0.683,0.918,4.7,0.317,0.534,0.764,1
206.6,0.578,51.1,6,0.264,0.786,2.0,0.097,0.871,0.913,1
0.0,0.914,85.3,8,0.421,0.61,14.7,0.303,0.732,0.961,1
159.7,0.239,73.7,1,0.203,0.595,0.6,0.87,0.798,0.966,1
355.5,0.592,57.7,3,0.348,0.381,5.2,0.444,0.426,0.635,1
280.8,0.78,99.3,2,0.102,0.794,5.6,0.406,0.996,0.762,1
247.4,0.44,97.9,1,0.465,0.698,6.3,0.296,0.44,0.833,1
331.0,0.401,43.0,4,0.136,0.958,7.4,0.756,0.527,0.708,1
273.3,0.71,74.5,1,0.79,0.851,1.0,0.377,0.592,0.581,1
353.9,0.696,81.9,9,0.438,0.527,5.8,0.442,0.61,0.647,1
321.1,0.924,78.2,4,0.23,0.673,4.2,0.317,0.241,0.687,1
387.4,0.604,93.2,4,0.93,0.671,3.7,0.607,0.741,0.928,1
259.5,0.689,90.3,3,0.081,0.922,8.0,0.253,0.523,0.682,1
319.6,0.417,75.7,3,0.222,0.695,9.7,0.563,0.488,0.989,1
186.2,0.569,100.0,8,0.471,0.622,1.4,0.489,0.332,0.644,1
153.8,0.109,85.1,4,0.461,0.827,4.4,0.622,0.443,0.378,1
407.7,0.794,67.1,4,0.065,0.936,7.1,0.392,0.565,0.877,1
243.8,0.461,64.3,6,0.353,0.706,4.7,0.301,0.386,0.727,1
308.5,0.819,89.4,7,0.505,0.82,9.2,0.558,0.628,0.959,1
233.6,0.414,60.9,2,0.494,0.564,2.4,0.575,0.933,0.675,1
155.5,0.415,66.3,2,0.242,0.673,8.7,0.36,0.759,0.844,1
221.2,0.767,68.6,3,0.568,0.894,3.4,0.495,0.897,0.939,1
378.0,0.667,77.0,0,0.853,0.634,2.0,0.556,0.536,0.852,1
281.1,0.847,69.3,3,0.553,0.271,4.7,0.107,0.745,0.562,1
31.7,0.501,53.6,3,0.275,0.679,3.9,0.377,0.848,0.713,1
196.3,0.799,88.3,5,0.944,0.605,1.2,0.6,0.554,0.537,1
416.1,0.439,66.3,7,0.118,0.905,4.4,0.199,0.692,0.188,1
196.5,0.922,100.0,5,0.59,0.746,7.8,0.595,0.809,0.503,1
21.9,0.834,76.3,7,0.108,0.617,10.1,0.881,0.617,0.467,0
428.2,0.501,89.7,9,0.122,0.521,7.1,0.407,0.933,0.715,1
295.1,0.634,80.8,2,0.348,0.457,2.3,0.112,0.791,0.926,1
212.3,0.478,90.4,2,0.309,0.895,5.5,0.663,0.708,0.904,1
179.1,0.279,80.0,3,0.195,0.851,1.1,0.327,0.467,0.939,1
339.1,0.708,75.3,6,0.563,0.897,6.5,0.319,0.135,0.812,1
160.4,0.465,87.3,5,0.247,0.837,6.1,0.321,0.611,0.657,0
346.3,0.629,100.0,1,0.644,0.457,2.3,0.794,0.731,0.767,1
279.6,0.361,68.2,2,0.506,0.767,3.3,0.706,0.272,0.66,0
246.9,0.157,83.1,2,0.056,0.611,5.2,0.397,0.657,0.839,1
236.0,0.644,71.9,9,0.178,0.797,6.1,0.206,0.503,0.986,1
200.8,0.563,79.1,4,0.403,0.748,8.0,0.519,0.366,0.557,1
335.0,0.537,72.6,5,0.629,0.894,1.0,0.635,0.945,0.774,1
124.8,0.781,41.8,4,0.507,0.92,1.0,0.182,0.169,0.525,0
41.6,0.705,69.2,2,0.216,0.36,5.3,0.575,0.571,0.443,0
287.6,0.145,86.0,6,0.277,0.965,6.9,0.214,0.166,0.732,1
289.4,0.3,61.3,4,0.224,0.69,3.5,0.296,0.629,0.628,1
272.8,0.323,84.9,8,0.185,0.768,3.2,0.735,0.548,0.762,1
264.9,0.142,74.6,7,0.563,0.804,2.0,0.272,0.722,0.949,1
184.7,0.433,69.3,7,0.26,0.96,7.3,0.724,0.777,0.807,0
306.6,0.734,84.7,5,0.42,0.677,4.9,0.125,0.486,0.944,1
215.0,0.456,81.5,2,0.571,0.896,5.9,0.59,0.44,0.974,1
166.4,0.44,77.9,2,0.4,0.864,3.7,0.806,0.312,0.638,1
185.7,0.44,86.2,2,0.48,0.451,3.3,0.496,0.589,0.731,1
442.3,0.595,74.8,7,0.526,0.818,4.2,0.19,0.245,0.894,1
29.2,0.819,49.0,6,0.55,0.711,3.9,0.31,0.05,0.876,0
275.0,0.531,66.7,4,0.462,0.856,9.6,0.559,0.49,0.818,1
35.3,0.626,46.7,4,0.306,0.582,1.8,0.517,0.43,0.715,1
208.1,0.812,81.2,2,0.613,0.845,7.4,0.825,0.52,0.717,1
172.3,0.482,84.5,3,0.362,0.77,2.7,0.473,0.724,0.878,1
0.0,0.899,85.2,5,0.265,0.73,3.2,0.649,0.838,0.678,1
262.8,0.496,78.8,5,0.347,0.457,5.3,0.38,0.725,0.929,1
178.2,0.226,85.6,6,0.592,0.94,6.8,0.682,0.719,0.628,1
0.0,0.571,49.9,3,0.503,0.756,3.8,0.383,0.73,0.623,0
312.4,0.311,70.5,1,0.519,0.535,1.7,0.801,0.42,0.868,1
377.9,0.28,52.2,7,0.481,0.765,11.8,0.42,0.405,0.737,0
383.9,0.724,67.0,6,0.47,0.879,1.1,0.47,0.467,0.834,1
259.5,0.526,94.6,6,0.437,0.428,1.7,0.379,0.875,0.767,1
225.1,0.956,87.3,3,0.431,0.69,10.3,0.753,0.69,0.229,1
366.1,0.216,81.3,5,0.233,0.904,8.7,0.333,0.966,0.563,1
405.1,0.292,69.5,7,0.763,0.468,10.9,0.434,0.767,0.684,1
344.7,0.622,58.1,3,0.221,0.864,2.7,0.163,0.522,0.871,1
116.4,0.231,74.6,5,0.252,0.864,2.2,0.486,0.775,0.885,1
242.1,0.585,87.5,3,0.599,0.676,7.9,0.539,0.777,0.674,1
268.3,0.286,77.7,4,0.464,0.513,1.6,0.335,0.733,0.655,0
20.9,0.844,49.8,5,0.25,0.936,2.2,0.609,0.579,0.553,1
271.6,0.457,73.5,7,0.318,0.475,1.2,0.603,0.74,0.423,1
470.0,0.412,45.2,4,0.429,0.806,2.6,0.177,0.345,0.816,1
290.4,0.481,83.3,3,0.68,0.624,1.9,0.817,0.328,0.725,1
382.1,0.423,62.3,4,0.477,0.744,1.4,0.407,0.866,0.501,1
240.1,0.219,54.9,4,0.614,0.725,4.5,0.375,0.81,0.641,0
211.9,0.392,83.5,4,0.394,0.923,3.1,0.515,0.151,0.871,1
261.9,0.153,79.8,2,0.149,0.961,5.8,0.349,0.153,0.663,0
130.3,0.25,75.3,8,0.232,0.87,1.7,0.242,0.812,0.793,1
114.0,0.683,100.0,6,0.246,0.855,2.5,0.469,0.447,0.876,1
359.3,0.478,80.9,4,0.322,0.857,1.0,0.506,0.564,0.809,1
371.0,0.804,63.0,8,0.196,0.937,3.0,0.768,0.862,0.62,1
111.0,0.231,79.3,4,0.147,0.803,7.9,0.353,0.393,0.904,0
326.5,0.87,68.0,5,0.34,0.932,6.9,0.484,0.627,0.493,0
210.4,0.492,89.7,2,0.541,0.784,3.8,0.56,0.859,0.956,1
257.4,0.798,75.9,5,0.222,0.611,14.3,0.205,0.368,0.53,1
270.6,0.521,77.3,7,0.022,0.723,1.1,0.943,0.381,0.765,1
329.4,0.822,51.8,7,0.589,0.383,8.6,0.325,0.307,0.835,0
229.1,0.729,72.9,5,0.944,0.579,1.8,0.155,0.495,0.918,1
375.1,0.483,71.2,3,0.295,0.944,4.1,0.609,0.434,0.867,1
254.0,0.564,57.7,4,0.316,0.494,6.3,0.299,0.571,0.95,1
288.7,0.143,68.9,9,0.411,0.754,2.3,0.712,0.669,0.623,1
128.3,0.655,78.1,8,0.519,0.993,2.7,0.35,0.77,0.84,1
457.5,0.377,71.9,1,0.474,0.85,8.6,0.216,0.373,0.616,1
271.7,0.768,52.2,2,0.201,0.565,4.4,0.569,0.497,0.644,1
298.4,0.838,68.2,7,0.706,0.373,1.2,0.493,0.41,0.868,1
43.1,0.607,65.4,6,0.262,0.993,3.2,0.26,0.431,0.695,0
129.5,0.223,74.7,2,0.04,0.708,2.4,0.503,0.39,0.951,0
356.2,0.369,73.2,3,0.77,0.63,0.9,0.305,0.679,0.872,1
251.6,0.536,66.2,3,0.196,0.582,1.2,0.554,0.406,0.926,1
9.5,0.761,65.7,6,0.39,0.898,5.2,0.417,0.271,0.616,1
334.2,0.546,72.9,7,0.778,0.787,2.0,0.145,0.771,0.765,1
160.2,0.665,85.5,7,0.203,0.725,15.0,0.463,0.408,0.497,1
375.2,0.351,75.9,3,0.628,0.857,5.4,0.07,0.64,0.826,1
210.3,0.329,91.9,4,0.471,0.492,7.9,0.187,0.51,0.523,1
242.5,0.778,87.9,4,0.424,0.924,0.7,0.253,0.588,0.666,1
349.7,0.484,93.0,8,0.18,0.358,5.4,0.051,0.504,0.496,1
121.3,0.632,91.2,6,0.331,0.929,4.6,0.545,0.473,0.85,1
110.8,0.793,93.9,7,0.311,0.755,6.0,0.464,0.683,0.504,1
198.4,0.433,55.9,4,0.296,0.978,0.3,0.616,0.47,0.822,1
311.0,0.39,81.1,2,0.29,0.512,12.4,0.161,0.715,0.373,1
73.6,0.318,89.1,4,0.395,0.532,3.9,0.884,0.614,0.681,1
36.5,0.518,91.6,3,0.2,0.975,3.9,0.497,0.571,0.771,1
310.6,0.396,61.2,4,0.234,0.619,4.4,0.638,0.477,0.945,1
153.7,0.744,81.2,6,0.462,0.577,2.2,0.207,0.641,0.698,1
176.9,0.623,73.1,10,0.436,0.55,11.2,0.63,0.944,0.835,1
15.8,0.714,97.9,5,0.658,0.716,0.6,0.3,0.048,0.883,1
145.3,0.56,52.6,7,0.044,0.884,2.9,0.115,0.733,0.724,0
219.2,0.23,61.2,8,0.45,0.753,3.0,0.362,0.897,0.554,1
322.3,0.721,46.7,9,0.372,0.833,2.2,0.484,0.727,0.454,1
135.2,0.652,74.0,5,0.461,0.481,3.5,0.423,0.855,0.833,1
402.3,0.443,100.0,3,0.054,0.725,2.9,0.672,0.703,0.6,1
144.7,0.633,71.4,6,0.727,0.873,1.9,0.623,0.394,0.966,0
144.9,0.324,73.4,4,0.31,0.31,4.0,0.264,0.41,0.575,0
389.1,0.75,79.7,0,0.396,0.779,4.6,0.554,0.33,0.819,1
243.3,0.895,70.4,1,0.095,0.47,16.4,0.644,0.945,0.55,0
159.3,0.54,77.1,3,0.218,0.995,1.9,0.633,0.449,0.611,1
202.9,0.546,77.5,5,0.194,0.723,5.4,0.342,0.067,0.535,1
368.8,0.38,60.2,6,0.584,0.969,5.3,0.539,0.831,0.484,1
381.3,0.685,70.7,2,0.623,0.917,7.5,0.563,0.648,0.798,1
130.2,0.647,82.4,4,0.237,0.869,6.8,0.505,0.641,0.875,1
215.3,0.583,85.0,5,0.294,0.79,0.8,0.788,0.787,0.614,1
229.9,0.931,90.2,3,0.326,0.744,3.4,0.389,0.685,0.854,1
111.5,0.593,76.7,5,0.312,0.326,1.7,0.886,0.211,0.634,1
213.9,0.338,77.0,8,0.181,0.823,2.0,0.145,0.223,0.669,1
220.6,0.821,82.5,6,0.112,0.866,1.2,0.52,0.573,0.897,1
345.4,0.622,63.7,4,0.592,0.777,3.4,0.752,0.508,0.84,1
352.8,0.731,63.1,3,0.218,0.887,5.6,0.528,0.428,0.474,1
183.8,0.597,70.3,5,0.579,0.794,10.2,0.399,0.565,0.592,0
196.5,0.85,54.1,0,0.139,0.847,4.3,0.206,0.304,0.592,1
293.1,0.667,77.7,4,0.213,0.833,2.0,0.438,0.485,0.858,1
155.6,0.446,86.7,6,0.45,0.885,4.7,0.827,0.572,0.929,0
284.8,0.872,62.1,4,0.317,0.559,5.9,0.435,0.459,0.946,1
210.3,0.656,78.1,8,0.243,0.675,9.2,0.708,0.416,0.574,1
113.4,0.606,63.2,4,0.653,0.738,1.8,0.502,0.389,0.646,0
114.7,0.438,57.8,6,0.119,0.742,1.2,0.373,0.265,0.825,0
379.2,0.207,100.0,2,0.3,0.717,4.9,0.558,0.122,0.572,1
202.8,0.41,58.0,4,0.372,0.605,4.0,0.519,0.214,0.962,1
400.4,0.35,54.1,3,0.489,0.555,3.2,0.32,0.333,0.708,1
163.5,0.496,75.0,2,0.549,0.846,3.8,0.415,0.369,0.805,0
252.0,0.605,75.8,2,0.249,0.612,1.8,0.91,0.722,0.654,1
483.2,0.848,81.3,6,0.31,0.853,0.7,0.786,0.652,0.768,1
103.7,0.83,100.0,4,0.277,0.651,6.7,0.725,0.129,0.975,1
11.2,0.388,61.1,3,0.593,0.907,6.4,0.861,0.099,0.629,0
361.5,0.268,63.9,4,0.209,0.873,1.3,0.342,0.583,0.64,1
129.1,0.776,94.5,5,0.57,0.931,3.7,0.61,0.476,0.755,1
217.7,0.569,85.1,8,0.142,0.982,6.2,0.241,0.752,0.719,1
155.5,0.123,83.2,3,0.126,0.779,5.6,0.345,0.572,0.745,1
249.5,0.44,63.7,4,0.18,0.744,2.3,0.257,0.409,0.696,1
115.4,0.947,87.8,3,0.502,0.704,4.6,0.862,0.518,0.538,1
200.2,0.477,83.2,3,0.249,0.202,1.6,0.295,0.766,0.648,1
269.5,0.717,74.7,3,0.137,0.657,7.1,0.195,0.488,0.854,1
109.1,0.071,63.8,4,0.223,0.767,3.5,0.707,0.592,0.847,0
143.0,0.499,73.5,6,0.22,0.658,4.7,0.117,0.576,0.702,1
181.8,0.122,95.1,2,0.393,0.744,5.3,0.188,0.768,0.803,1
62.8,0.629,56.7,3,0.345,0.911,3.5,0.4,0.325,0.531,1
173.5,0.909,60.8,3,0.496,0.949,5.3,0.467,0.808,0.782,1
233.1,0.761,63.2,3,0.513,0.719,7.3,0.62,0.465,0.748,1
176.0,0.505,66.2,7,0.221,0.921,1.8,0.319,0.919,0.698,1
190.1,0.255,71.8,3,0.017,0.557,8.4,0.685,0.335,0.823,1
217.8,0.266,85.4,4,0.263,0.69,2.8,0.588,0.986,0.613,1
147.9,0.705,78.5,6,0.442,0.929,5.5,0.498,0.541,0.687,1
296.0,0.827,72.9,7,0.291,0.76,3.4,0.912,0.835,0.317,1
378.0,0.817,75.9,4,0.191,0.701,4.9,0.382,0.517,0.628,1
168.9,0.298,80.7,5,0.334,0.707,8.0,0.698,0.58,0.543,1
273.4,0.871,48.5,6,0.5,0.74,4.0,0.165,0.766,0.881,1
193.6,0.5,87.0,7,0.541,0.532,5.3,0.603,0.745,0.658,1
260.2,0.563,60.4,2,0.5,0.303,9.5,0.608,0.666,0.765,0
392.2,0.567,65.8,4,0.346,0.745,2.9,0.314,0.49,0.849,1
276.0,0.502,76.8,3,0.229,0.565,2.1,0.288,0.571,0.875,1
24.9,0.367,70.9,2,0.504,0.821,7.6,0.846,0.761,0.684,0
269.9,0.46,78.8,6,0.405,0.887,3.6,0.552,0.884,0.893,1
355.6,0.811,74.0,6,0.604,0.956,3.2,0.485,0.727,0.713,1
195.6,0.218,67.9,5,0.581,0.912,8.4,0.717,0.663,0.487,1
329.5,0.657,93.4,6,0.298,0.654,2.3,0.241,0.909,0.763,1
144.1,0.669,81.9,2,0.513,0.629,5.6,0.61,0.802,0.867,1
56.6,0.912,76.2,4,0.087,0.517,10.6,0.448,0.652,0.844,1
235.5,0.546,81.7,5,0.139,0.699,1.7,0.311,0.162,0.87,1
26.8,0.278,62.1,9,0.507,0.613,10.8,0.018,0.323,0.61,0
193.6,0.079,100.0,4,0.53,0.925,3.0,0.387,0.62,0.72,1
361.6,0.795,56.8,3,0.161,0.899,3.2,0.258,0.608,0.756,1
9.9,0.628,73.6,11,0.141,0.884,1.1,0.823,0.515,0.606,1
79.3,0.457,68.0,3,0.06,0.379,4.8,0.39,0.457,0.876,0
106.5,0.259,67.5,6,0.719,0.586,1.8,0.799,0.79,0.735,1
213.0,0.84,65.6,3,0.452,0.838,5.7,0.271,0.718,0.888,0
179.8,0.173,61.2,6,0.147,0.838,3.8,0.408,0.772,0.632,0
373.9,0.549,88.6,2,0.417,0.538,4.8,0.329,0.87,0.935,1
325.0,0.494,55.1,5,0.198,0.591,6.3,0.787,0.117,0.32,0
274.5,0.805,85.8,6,0.076,0.703,12.5,0.712,0.233,0.395,1
236.0,0.898,81.1,3,0.301,0.434,4.1,0.11,0.677,0.685,1
263.3,0.781,66.7,4,0.913,0.679,5.8,0.7,0.701,0.782,1
125.2,0.265,79.5,7,0.531,0.543,5.2,0.892,0.436,0.93,1
314.3,0.533,69.8,1,0.478,0.876,4.7,0.419,0.262,0.653,1
97.7,0.6,56.6,3,0.146,0.784,1.3,0.227,0.618,0.868,1
311.9,0.527,56.7,4,0.275,0.636,2.2,0.381,0.469,0.84,1
350.5,0.637,81.2,6,0.702,0.681,1.4,0.623,0.719,0.768,1
243.2,0.633,80.4,7,0.408,0.909,9.9,0.533,0.447,0.52,1
200.6,0.341,75.4,6,0.157,0.496,10.0,0.882,0.437,0.909,0
264.0,0.424,66.5,3,0.626,0.385,6.3,0.26,0.715,0.44,1
0.0,0.461,69.3,5,0.526,0.688,7.6,0.703,0.81,0.828,0
253.2,0.462,67.4,8,0.11,0.394,1.5,0.71,0.674,0.812,1
207.5,0.386,47.5,5,0.228,0.481,5.8,0.46,0.821,0.747,0
214.4,0.75,72.9,2,0.654,0.807,2.5,0.445,0.264,0.554,1
297.7,0.205,79.3,2,0.276,0.476,1.8,0.442,0.284,0.866,1
211.8,0.891,72.9,3,0.669,0.705,7.6,0.187,0.292,0.735,1
94.6,0.259,96.8,2,0.666,0.333,5.7,0.362,0.657,0.959,1
204.4,0.639,57.9,8,0.36,0.487,1.6,0.312,0.516,0.597,1
227.4,0.589,62.7,3,0.346,0.809,9.3,0.166,0.411,0.809,1
232.6,0.831,73.9,6,0.05,0.801,3.8,0.632,0.751,0.723,1
237.8,0.633,75.4,3,0.243,0.795,6.5,0.323,0.477,0.943,1
334.3,0.64,45.4,2,0.147,0.869,2.8,0.763,0.529,0.667,0
100.5,0.465,80.4,4,0.288,0.842,4.9,0.472,0.766,0.909,1
239.3,0.374,75.5,6,0.46,0.689,6.8,0.268,0.494,0.68,1
361.9,0.705,42.3,7,0.196,0.711,1.7,0.2,0.723,0.893,1
29.2,0.867,70.4,5,0.115,0.612,11.0,0.56,0.276,0.744,1
239.8,0.841,60.7,4,0.362,0.901,6.4,0.65,0.801,0.644,1
155.6,0.489,65.7,3,0.319,0.731,5.2,0.753,0.653,0.65,1
179.2,0.889,53.3,5,0.279,0.563,0.5,0.435,0.678,0.45,1
120.5,0.743,77.8,6,0.623,0.88,4.1,0.071,0.484,0.929,1
201.3,0.429,96.7,6,0.204,0.985,7.7,0.774,0.647,0.504,1
422.5,0.724,75.7,6,0.447,0.892,0.6,0.139,0.579,0.743,1
80.9,0.213,41.8,7,0.361,0.631,10.0,0.225,0.744,0.907,1
91.3,0.906,76.0,5,0.376,0.289,1.1,0.384,0.768,0.638,1
76.8,0.955,69.3,8,0.298,0.646,4.8,0.424,0.656,0.712,1
410.0,0.927,56.6,3,0.423,0.514,11.4,0.698,0.565,0.942,0
169.1,0.539,77.0,3,0.444,0.689,5.4,0.266,0.739,0.838,1
217.2,0.265,84.3,5,0.354,0.559,7.1,0.605,0.19,0.536,1
175.7,0.269,62.6,3,0.427,0.89,7.6,0.064,0.727,0.524,0
116.1,0.588,49.0,8,0.422,0.614,6.0,0.314,0.875,0.738,1
194.1,0.688,43.8,5,0.227,0.795,2.1,0.868,0.307,0.695,0
490.4,0.462,62.7,7,0.144,0.896,3.4,0.336,0.328,0.758,1
373.1,0.475,69.8,5,0.57,0.801,2.1,0.72,0.809,0.86,1
126.2,0.446,64.8,3,0.482,0.678,10.6,0.596,0.911,0.886,1
291.2,0.54,62.4,3,0.391,0.941,3.5,0.586,0.548,0.841,1
128.5,0.657,80.0,4,0.221,0.927,8.1,0.863,0.57,0.704,1
24.6,0.295,78.5,3,0.544,0.649,6.5,0.337,0.804,0.81,0
332.1,0.663,74.8,5,0.403,0.555,4.7,0.491,0.885,0.676,1
347.6,0.793,83.4,5,0.313,0.515,2.0,0.318,0.45,0.681,1
335.1,0.777,62.8,2,0.077,0.693,2.4,0.598,0.689,0.754,1
168.3,0.416,56.7,3,0.186,0.732,2.7,0.96,0.69,0.521,1
201.7,0.756,64.7,4,0.366,0.771,1.5,0.409,0.803,0.55,1
302.5,0.723,63.7,7,0.585,0.54,13.2,0.505,0.476,0.872,1
263.1,0.543,43.3,4,0.46,0.848,6.2,0.555,0.617,0.626,0
176.7,0.54,64.4,5,0.35,0.525,4.7,0.348,0.386,0.605,1
41.9,0.755,87.5,2,0.212,0.259,0.8,0.448,0.364,0.581,1
232.5,0.79,83.2,7,0.195,0.837,3.7,0.404,0.26,0.667,1
338.7,0.081,79.4,4,0.811,0.703,3.9,0.169,0.841,0.913,1
88.3,0.684,73.8,5,0.197,0.632,4.4,0.262,0.471,0.682,1
290.3,0.671,92.3,3,0.36,0.652,4.5,0.601,0.632,0.73,1
256.5,0.73,57.2,3,0.277,0.945,6.0,0.206,0.447,0.574,1
302.5,0.755,58.5,9,0.462,0.846,1.4,0.254,0.44,0.882,1
315.9,0.209,87.7,6,0.021,0.274,2.9,0.158,0.687,0.631,1
143.6,0.12,72.4,5,0.587,0.928,5.7,0.295,0.821,0.728,1
42.1,0.089,62.6,3,0.19,0.811,5.8,0.726,0.576,0.903,0
161.3,0.195,79.7,3,0.588,0.858,4.8,0.791,0.386,0.629,1
317.8,0.915,65.9,6,0.326,0.851,7.2,0.224,0.576,0.739,1
160.4,0.728,60.3,8,0.527,0.935,3.4,0.221,0.404,0.338,1
143.7,0.763,59.9,7,0.633,0.905,4.1,0.228,0.407,0.691,1
19.7,0.646,76.5,6,0.178,0.957,7.3,0.558,0.874,0.705,1
412.8,0.52,74.9,4,0.223,0.37,1.5,0.264,0.65,0.855,0
310.8,0.6,93.2,3,0.797,0.904,10.8,0.238,0.703,0.877,0
304.7,0.744,67.9,2,0.534,0.867,6.7,0.379,0.476,0.812,1
326.4,0.279,67.7,5,0.435,0.986,2.7,0.455,0.39,0.323,1
283.4,0.425,92.2,4,0.173,0.579,7.5,0.187,0.96,0.741,1
193.1,0.358,85.8,5,0.386,0.891,1.7,0.609,0.801,0.584,1
202.0,0.603,74.0,3,0.613,0.812,9.8,0.279,0.674,0.496,1
173.0,0.362,50.1,4,0.466,0.674,0.9,0.135,0.371,0.14,1
509.8,0.05,60.6,11,0.51,0.517,1.4,0.376,0.285,0.929,1
281.2,0.536,57.2,5,0.436,0.816,2.2,0.779,0.161,0.343,1
169.0,0.651,72.5,2,0.776,0.695,2.4,0.512,0.429,0.879,0
271.2,0.567,64.9,2,0.377,0.825,5.1,0.469,0.738,0.926,1
108.8,0.267,94.4,0,0.255,0.893,7.1,0.629,0.778,0.679,1
385.5,0.638,50.0,3,0.31,0.762,1.0,0.151,0.404,0.819,1
147.3,0.436,55.7,5,0.466,0.806,10.2,0.337,0.361,0.927,0
275.1,0.282,75.4,4,0.242,0.493,5.7,0.123,0.254,0.758,0
337.3,0.857,79.3,3,0.487,0.383,13.1,0.732,0.396,0.75,1
262.3,0.306,35.8,3,0.353,0.561,4.0,0.258,0.456,0.959,1
230.4,0.414,47.7,3,0.264,0.983,10.9,0.379,0.538,0.635,0
221.2,0.536,68.3,4,0.173,0.203,13.8,0.5,0.198,0.511,0
213.8,0.586,91.0,3,0.288,0.706,2.4,0.539,0.862,0.66,1
156.6,0.889,98.4,2,0.119,0.773,2.2,0.527,0.819,0.955,1
170.6,0.426,66.2,5,0.078,0.452,3.3,0.553,0.643,0.952,1
382.8,0.542,69.6,5,0.269,0.92,3.1,0.593,0.844,0.955,1
208.1,0.462,60.3,1,0.447,0.755,5.0,0.793,0.888,0.645,1
133.6,0.675,80.9,4,0.372,0.617,3.2,0.271,0.676,0.896,1
163.2,0.666,93.4,3,0.244,0.578,7.5,0.133,0.695,0.577,1
341.0,0.378,89.6,2,0.48,0.503,6.2,0.235,0.625,0.53,1
294.3,0.64,71.6,3,0.646,0.477,2.3,0.759,0.424,0.848,1
281.6,0.819,60.3,6,0.385,0.283,3.9,0.431,0.521,0.955,1
191.7,0.556,72.1,5,0.244,0.55,7.7,0.389,0.678,0.727,1
283.1,0.076,91.3,6,0.445,0.879,5.4,0.461,0.603,0.716,1
149.2,0.685,66.4,5,0.152,0.647,6.4,0.304,0.63,0.766,0
191.4,0.657,46.6,4,0.682,0.668,2.2,0.291,0.479,0.594,1
326.7,0.697,67.0,8,0.15,0.747,4.3,0.358,0.684,0.623,1
316.2,0.793,68.1,2,0.134,0.708,1.6,0.403,0.403,0.563,1
112.0,0.679,46.5,6,0.322,0.628,4.7,0.392,0.452,0.821,1
125.9,0.594,75.2,2,0.331,0.321,3.8,0.251,0.617,0.926,1
232.0,0.288,79.1,5,0.347,0.93,4.9,0.184,0.386,0.85,1
409.9,0.365,98.0,5,0.361,0.161,2.0,0.159,0.453,0.681,1
9.3,0.537,53.3,7,0.492,0.681,5.8,0.324,0.566,0.844,0
250.6,0.149,82.2,6,0.224,0.794,7.9,0.2,0.177,0.879,0
68.6,0.806,85.5,5,0.24,0.696,0.5,0.475,0.513,0.927,1
150.2,0.305,79.3,5,0.167,0.805,1.3,0.586,0.395,0.812,1
179.9,0.105,57.9,6,0.149,0.587,2.4,0.336,0.108,0.966,1
173.7,0.819,57.1,3,0.412,0.909,3.3,0.583,0.574,0.677,1
161.3,0.267,73.4,2,0.59,0.552,2.7,0.523,0.421,0.733,1
220.8,0.36,73.3,3,0.698,0.677,1.5,0.396,0.841,0.857,1
161.1,0.761,64.2,6,0.627,0.587,4.9,0.664,0.552,0.738,1
59.1,0.812,90.1,5,0.102,0.909,4.8,0.372,0.949,0.665,1
305.8,0.688,66.4,2,0.312,0.789,2.7,0.148,0.58,0.507,1
302.8,0.563,45.5,5,0.171,0.992,5.5,0.616,0.456,0.864,1
312.7,0.259,68.9,2,0.146,0.553,3.7,0.719,0.642,0.397,0
50.5,0.83,78.7,3,0.274,0.488,11.2,0.149,0.761,0.724,1
252.9,0.371,76.8,2,0.181,0.947,1.1,0.327,0.204,0.96,1
294.4,0.676,76.7,4,0.489,0.849,2.1,0.336,0.54,0.966,1
106.6,0.652,92.9,5,0.31,0.516,3.4,0.265,0.685,0.547,1
221.0,0.562,56.4,3,0.292,0.788,8.1,0.543,0.66,0.784,1
207.2,0.899,66.1,3,0.907,0.3,6.7,0.449,0.521,0.869,1
422.6,0.782,93.6,7,0.458,0.792,5.8,0.749,0.388,0.668,1
431.7,0.845,44.5,3,0.587,0.633,1.4,0.774,0.248,0.797,1
36.9,0.905,71.2,3,0.39,0.836,2.5,0.831,0.102,0.807,1
494.3,0.392,89.2,7,0.359,0.849,3.7,0.409,0.377,0.67,1
119.3,0.627,89.0,3,0.411,0.416,7.4,0.37,0.429,0.921,1
327.9,0.418,81.2,3,0.144,0.711,3.9,0.389,0.662,0.839,1
326.8,0.347,81.6,3,0.228,0.919,6.1,0.573,0.771,0.73,1
110.5,0.316,57.4,1,0.557,0.432,5.5,0.71,0.488,0.957,0
274.3,0.603,91.2,2,0.757,0.624,6.1,0.537,0.273,0.926,0
208.2,0.655,55.2,4,0.05,0.648,2.3,0.337,0.255,0.442,0
281.0,0.681,56.0,2,0.374,0.881,6.9,0.124,0.344,0.832,1
245.4,0.712,77.4,1,0.25,0.863,5.9,0.328,0.479,0.682,0
351.6,0.816,65.1,3,0.068,0.841,10.7,0.4,0.36,0.87,1
228.3,0.253,74.9,6,0.222,0.952,3.1,0.516,0.623,0.922,1
201.5,0.946,78.0,6,0.119,0.907,4.7,0.474,0.502,0.993,1
340.6,0.357,96.9,2,0.716,0.535,1.5,0.586,0.523,0.681,1
283.8,0.706,78.1,7,0.258,0.848,1.1,0.455,0.495,0.472,1
300.5,0.529,63.3,6,0.614,0.668,11.7,0.52,0.652,0.753,0
146.9,0.109,81.5,7,0.434,0.9,5.4,0.776,0.533,0.69,1
105.0,0.856,60.4,4,0.295,0.729,1.0,0.799,0.411,0.9,1
157.6,0.815,84.8,3,0.492,0.599,5.8,0.715,0.647,0.837,1
151.7,0.585,72.9,4,0.259,0.852,3.0,0.466,0.677,0.941,1
306.5,0.914,77.6,9,0.36,0.646,6.1,0.654,0.615,0.94,1
327.4,0.534,47.1,8,0.579,0.502,7.1,0.317,0.082,0.954,0
202.9,0.662,40.5,2,0.398,0.847,5.1,0.736,0.592,0.789,0
377.4,0.501,51.0,4,0.463,0.862,3.3,0.554,0.554,0.884,1
370.5,0.703,96.4,5,0.628,0.868,4.2,0.34,0.64,0.418,1
246.8,0.755,55.9,1,0.817,0.98,6.2,0.636,0.537,0.845,1
129.6,0.819,82.3,4,0.294,0.541,6.8,0.773,0.43,0.933,1
393.3,0.594,63.0,7,0.184,0.772,2.3,0.517,0.541,0.552,1
213.3,0.388,68.6,2,0.206,0.912,1.3,0.829,0.185,0.729,1
233.9,0.978,71.4,6,0.611,0.47,1.6,0.153,0.252,0.651,1
182.6,0.859,95.0,5,0.134,0.638,3.5,0.634,0.685,0.864,1
122.1,0.948,80.2,4,0.283,0.615,6.7,0.872,0.422,0.877,1
58.4,0.118,77.4,4,0.231,0.792,3.6,0.577,0.65,0.687,1
289.6,0.583,90.2,2,0.748,0.503,1.5,0.12,0.347,0.842,1
133.8,0.544,63.1,2,0.261,0.712,5.0,0.146,0.204,0.538,1
556.5,0.86,87.0,9,0.71,0.864,3.9,0.905,0.434,0.385,1
100.5,0.754,84.6,6,0.675,0.735,7.0,0.688,0.731,0.27,0
81.7,0.67,84.5,6,0.488,0.905,1.9,0.501,0.764,0.806,0
276.1,0.526,69.8,6,0.019,0.661,5.3,0.684,0.697,0.805,1
388.2,0.435,65.9,2,0.551,0.513,4.9,0.524,0.126,0.858,0
227.1,0.304,59.8,3,0.51,0.77,6.0,0.463,0.336,0.686,0
282.9,0.364,60.7,3,0.124,0.866,7.7,0.198,0.718,0.496,1
17.2,0.555,59.2,6,0.261,0.441,0.7,0.283,0.394,0.719,0
145.5,0.657,77.1,4,0.444,0.762,2.5,0.415,0.617,0.915,1
101.9,0.466,68.8,3,0.431,0.902,3.7,0.836,0.465,0.73,1
11.5,0.886,78.0,4,0.34,0.669,2.5,0.216,0.632,0.781,1
232.9,0.666,78.8,7,0.525,0.553,4.6,0.305,0.693,0.247,1
0.0,0.192,57.2,8,0.034,0.979,3.7,0.573,0.588,0.742,1
74.6,0.82,56.7,3,0.093,0.841,1.5,0.64,0.509,0.769,1
160.9,0.687,68.8,3,0.723,0.787,6.1,0.629,0.428,0.786,0
128.6,0.662,61.1,4,0.289,0.616,1.8,0.615,0.275,0.939,1
263.6,0.607,59.7,5,0.15,0.702,4.6,0.117,0.248,0.481,0
253.6,0.537,95.7,7,0.109,0.859,1.6,0.601,0.833,0.685,1
318.3,0.502,50.5,6,0.402,0.923,4.6,0.985,0.316,0.845,1
302.8,0.788,100.0,5,0.545,0.51,3.7,0.158,0.191,0.52,1
345.5,0.329,76.0,2,0.432,0.882,4.1,0.36,0.517,0.802,0
219.8,0.627,85.8,5,0.196,0.823,4.8,0.705,0.589,0.601,0
253.4,0.584,84.2,4,0.173,0.988,7.2,0.517,0.249,0.8,1
276.3,0.538,80.6,5,0.078,0.709,2.9,0.703,0.711,0.838,1
235.6,0.751,95.3,4,0.377,0.794,1.4,0.212,0.32,0.857,1
176.3,0.899,56.8,8,0.131,0.754,3.5,0.288,0.353,0.77,0
183.4,0.382,69.8,7,0.475,0.759,7.3,0.349,0.245,0.479,0
130.1,0.372,60.1,4,0.8,0.875,0.4,0.539,0.422,0.883,1
266.4,0.378,48.3,5,0.385,0.538,1.4,0.656,0.552,0.788,1
209.7,0.169,62.7,5,0.31,0.33,3.6,0.406,0.687,0.972,1
147.1,0.575,98.2,5,0.656,0.767,7.8,0.833,0.403,0.805,1
147.2,0.511,69.6,7,0.589,0.512,2.6,0.429,0.718,0.856,0
86.9,0.706,99.8,1,0.077,0.815,3.5,0.585,0.818,0.607,1
327.7,0.741,100.0,2,0.508,0.733,2.4,0.771,0.78,0.879,1
228.6,0.429,100.0,2,0.292,0.845,3.0,0.578,0.774,0.772,1
125.1,0.572,98.7,7,0.473,0.643,6.3,0.348,0.297,0.62,1
308.9,0.593,100.0,4,0.503,0.842,7.0,0.728,0.48,0.658,1
158.4,0.774,76.6,3,0.127,0.56,6.6,0.366,0.671,0.626,1
65.3,0.357,75.2,8,0.725,0.501,6.0,0.57,0.587,0.784,0
332.3,0.586,76.1,3,0.42,0.579,1.7,0.947,0.588,0.833,1
160.9,0.163,72.0,4,0.394,0.969,10.8,0.603,0.863,0.871,0
175.0,0.189,74.1,3,0.168,0.285,10.2,0.225,0.389,0.72,0
224.5,0.197,82.5,1,0.318,0.613,3.7,0.327,0.499,0.349,1
345.7,0.578,65.5,5,0.659,0.954,7.6,0.601,0.824,0.898,0
222.2,0.289,52.7,3,0.345,0.843,0.6,0.634,0.733,0.877,1
88.1,0.237,77.1,5,0.748,0.906,8.1,0.719,0.567,0.783,0
279.8,0.388,62.3,3,0.316,0.81,4.5,0.364,0.1,0.806,1
166.7,0.586,63.8,5,0.102,0.978,1.9,0.703,0.754,0.708,1
427.7,0.873,70.0,6,0.454,0.688,8.3,0.163,0.063,0.917,0
219.9,0.662,66.8,6,0.383,0.698,0.7,0.355,0.583,0.897,1
0.0,0.304,87.5,1,0.127,0.629,6.6,0.186,0.612,0.798,1
259.3,0.191,69.7,10,0.065,0.541,8.2,0.43,0.393,0.872,0
433.9,0.05,88.2,1,0.1,0.685,9.1,0.973,0.299,0.549,1
393.4,0.659,74.9,2,0.336,0.809,0.6,0.502,0.537,0.694,1
421.4,0.258,70.8,5,0.333,0.538,1.1,0.589,0.1,0.636,1
107.8,0.704,74.2,5,0.409,0.831,1.2,0.829,0.475,0.564,1
320.3,0.881,53.9,2,0.114,0.83,6.2,0.654,0.693,0.857,1
140.6,0.947,76.7,5,0.426,0.652,10.5,0.269,0.198,0.913,1
244.7,0.617,83.9,6,0.447,0.769,5.3,0.505,0.713,0.738,1
80.0,0.834,85.9,3,0.375,0.466,2.8,0.624,0.974,0.579,1
149.1,0.284,53.1,7,0.251,0.851,9.8,0.606,0.32,0.848,1
145.6,0.753,50.7,2,0.694,0.943,10.1,0.485,0.193,0.828,0
318.8,0.523,64.5,3,0.369,0.638,11.1,0.313,0.878,0.452,1
308.1,0.163,91.4,3,0.264,0.645,1.9,0.502,0.637,0.868,0
250.5,0.502,75.1,4,0.329,0.605,1.4,0.813,0.66,0.652,1
71.5,0.74,61.2,4,0.538,0.907,1.0,0.647,0.881,0.713,1
185.7,0.329,51.7,0,0.314,0.514,1.4,0.74,0.465,0.733,0
137.9,0.563,62.4,5,0.411,0.83,0.7,0.83,0.355,0.69,1
315.7,0.655,61.5,5,0.596,0.452,7.5,0.226,0.76,0.555,0
349.6,0.255,85.1,5,0.052,0.913,5.2,0.559,0.807,0.893,1
336.2,0.187,86.2,8,0.21,0.628,21.7,0.484,0.216,0.726,1
136.9,0.65,57.3,5,0.552,0.668,3.9,0.212,0.414,0.746,0
0.0,0.422,82.5,3,0.28,0.593,4.3,0.588,0.923,0.72,1
25.6,0.702,81.1,5,0.292,0.916,8.4,0.811,0.752,0.747,0
376.4,0.652,55.5,5,0.167,0.782,3.0,0.099,0.618,0.782,1
175.9,0.631,70.8,5,0.427,0.724,1.9,0.195,0.411,0.604,1
137.4,0.275,76.8,3,0.159,0.724,5.0,0.77,0.366,0.847,1
400.7,0.255,74.3,3,0.412,0.721,3.7,0.165,0.2,0.612,1
359.2,0.759,48.1,4,0.61,0.882,4.9,0.191,0.81,0.442,1
222.7,0.845,73.8,5,0.793,0.882,11.2,0.253,0.537,0.685,1
187.7,0.755,80.9,5,0.556,0.554,2.3,0.385,0.305,0.633,1
205.5,0.786,94.1,3,0.337,0.855,2.4,0.401,0.792,0.58,1
245.0,0.812,62.6,2,0.302,0.585,7.0,0.388,0.575,0.73,0
396.0,0.371,64.4,7,0.084,0.921,2.4,0.419,0.283,0.775,1
266.5,0.821,69.1,5,0.469,0.696,19.3,0.541,0.517,0.388,1
299.9,0.51,76.1,4,0.174,0.645,3.6,0.304,0.509,0.663,1
348.6,0.562,73.4,2,0.621,0.805,5.2,0.88,0.734,0.831,1
91.3,0.419,80.5,3,0.131,0.705,8.5,0.31,0.367,0.708,1
303.0,0.608,56.2,8,0.436,0.915,4.5,0.907,0.328,0.856,1
187.6,0.682,77.6,7,0.319,0.592,3.7,0.554,0.262,0.659,1
0.0,0.792,61.6,5,0.502,0.77,7.8,0.551,0.645,0.546,1
0.0,0.13,70.0,2,0.312,0.896,2.2,0.524,0.782,0.795,1
108.0,0.285,95.9,3,0.133,0.988,5.1,0.821,0.518,0.775,1
278.4,0.399,52.4,8,0.16,0.968,1.8,0.756,0.378,0.799,1
232.5,0.271,68.1,7,0.338,0.715,7.4,0.862,0.175,0.851,0
240.3,0.106,54.2,8,0.191,0.578,3.5,0.937,0.122,0.826,0
434.6,0.808,74.1,6,0.31,0.841,5.1,0.359,0.758,0.674,1
80.4,0.809,86.7,5,0.176,0.873,8.9,0.297,0.284,0.76,1
217.0,0.513,74.4,7,0.322,0.792,2.0,0.449,0.747,0.816,1
253.5,0.536,70.4,2,0.403,0.843,5.8,0.571,0.462,0.588,1
139.0,0.423,90.6,3,0.138,0.4,7.4,0.542,0.879,0.529,1
223.1,0.707,76.6,2,0.704,0.909,6.8,0.315,0.808,0.666,1
44.0,0.112,83.5,4,0.331,0.564,3.5,0.547,0.44,0.763,0
375.1,0.31,82.0,4,0.786,0.601,1.2,0.385,0.159,0.921,1
145.0,0.352,31.7,2,0.15,0.441,9.2,0.729,0.506,0.607,0
443.5,0.567,70.9,4,0.343,0.51,1.2,0.184,0.786,0.753,1
216.4,0.714,56.9,2,0.298,0.537,1.0,0.153,0.41,0.801,1
333.1,0.343,60.4,8,0.18,0.959,4.1,0.53,0.76,0.792,1
214.1,0.857,92.6,3,0.269,0.973,2.5,0.686,0.542,0.645,1
216.6,0.457,66.8,4,0.341,0.958,5.4,0.152,0.743,0.669,1
155.8,0.475,98.5,1,0.401,0.821,7.1,0.117,0.534,0.89,1
233.1,0.781,52.3,2,0.184,0.852,3.5,0.466,0.734,0.646,1
255.0,0.461,56.8,1,0.272,0.868,15.1,0.326,0.313,0.882,1
133.7,0.708,82.7,7,0.289,0.504,2.1,0.207,0.845,0.643,1
206.2,0.489,67.2,6,0.399,0.135,0.9,0.611,0.703,0.944,1
152.9,0.156,76.3,5,0.071,0.87,4.0,0.352,0.84,0.751,1
473.0,0.667,70.4,6,0.412,0.501,4.3,0.328,0.899,0.206,1
210.1,0.192,70.0,3,0.221,0.919,6.1,0.292,0.705,0.375,1
390.0,0.822,67.7,4,0.712,0.77,3.1,0.3,0.393,0.681,0
198.5,0.81,74.5,3,0.3,0.653,1.2,0.18,0.1,0.665,0
248.5,0.401,81.0,4,0.125,0.335,4.4,0.665,0.289,0.821,1
74.6,0.853,94.6,4,0.576,0.731,5.4,0.261,0.766,0.629,1
170.8,0.272,69.2,3,0.482,0.502,4.6,0.344,0.429,0.782,1
243.2,0.334,66.5,4,0.113,0.799,5.6,0.198,0.589,0.565,1
394.5,0.517,64.7,6,0.429,0.454,5.0,0.594,0.889,0.911,1
244.4,0.232,92.6,6,0.069,0.142,4.7,0.63,0.268,0.755,1
372.2,0.11,81.7,7,0.327,0.477,2.8,0.54,0.727,0.444,1
290.5,0.604,45.4,5,0.527,0.564,2.6,0.168,0.409,0.898,1
399.0,0.586,44.8,3,0.76,0.683,11.6,0.489,0.554,0.481,1
213.5,0.779,60.4,5,0.249,0.81,1.9,0.436,0.771,0.775,1
482.9,0.753,75.2,5,0.307,0.686,11.8,0.333,0.23,0.858,1
166.6,0.719,71.5,7,0.142,0.644,2.4,0.487,0.28,0.639,1
135.7,0.848,79.2,6,0.394,0.86,9.9,0.409,0.744,0.91,1
86.9,0.268,69.5,6,0.47,0.362,7.3,0.474,0.579,0.741,0
476.4,0.689,91.6,2,0.222,0.529,6.2,0.215,0.223,0.852,1
310.1,0.721,82.8,5,0.733,0.84,0.2,0.351,0.532,0.479,1
183.2,0.469,73.1,6,0.115,0.687,2.7,0.338,0.473,0.841,1
